CO_CURSO,qe_i68_n,qe_i68_media,qe_i68_mediana,qe_i68_dp,qe_i68_nota_9_10_n,qe_i68_nota_0_6_n,qe_i68_nota_9_10_pct,qe_i68_nota_0_6_pct,qe_i69_n,qe_i69_media,qe_i69_mediana,qe_i69_dp,qe_i69_nota_9_10_n,qe_i69_nota_0_6_n,qe_i69_nota_9_10_pct,qe_i69_nota_0_6_pct,qe_i70_n,qe_i70_interesse_n,qe_i70_interesse_pct
26,13,7.615384615384615,8.0,1.445594545418455,4,3,0.3076923076923077,0.23076923076923078,13,8.846153846153847,10.0,1.5191090506255,8,2,0.6153846153846154,0.15384615384615385,13,13,1.0
34,6,7.666666666666667,7.5,2.065591117977289,2,2,0.3333333333333333,0.3333333333333333,6,7.666666666666667,9.0,3.204163957519444,3,2,0.5,0.3333333333333333,6,6,1.0
161,21,6.714285714285714,8.0,3.378503472587488,10,9,0.47619047619047616,0.42857142857142855,21,8.095238095238095,10.0,2.643950867636574,13,6,0.6190476190476191,0.2857142857142857,21,16,0.7619047619047619
297,68,8.029411764705882,8.0,1.9314412547257394,31,9,0.45588235294117646,0.1323529411764706,68,8.985294117647058,9.5,1.2754004002117947,46,3,0.6764705882352942,0.04411764705882353,68,64,0.9411764705882353
379,46,8.41304347826087,9.0,1.8806155842822883,28,8,0.6086956521739131,0.17391304347826086,46,9.456521739130435,10.0,1.187088347159281,39,3,0.8478260869565217,0.06521739130434782,46,43,0.9347826086956522
624,8,6.625,7.5,2.8252686345094435,1,2,0.125,0.25,8,9.375,9.5,0.7440238091428452,7,0,0.875,0.0,8,7,0.875
637,16,6.875,7.0,2.578759391645525,3,4,0.1875,0.25,16,8.5,9.5,2.7568097504180447,13,2,0.8125,0.125,16,12,0.75
696,16,7.625,8.5,2.8953986484305285,8,4,0.5,0.25,16,9.625,10.0,1.0878112581387145,14,1,0.875,0.0625,16,13,0.8125
768,17,8.352941176470589,8.0,1.4116115112960541,7,1,0.4117647058823529,0.058823529411764705,17,9.117647058823529,10.0,1.536324873731809,12,1,0.7058823529411765,0.058823529411764705,17,17,1.0
860,9,7.666666666666667,9.0,3.122498999199199,5,2,0.5555555555555556,0.2222222222222222,9,9.11111111111111,10.0,1.6158932858054427,8,1,0.8888888888888888,0.1111111111111111,9,9,1.0
965,41,8.75609756097561,10.0,1.7997289768862146,27,6,0.6585365853658537,0.14634146341463414,41,9.512195121951219,10.0,1.1857898468850248,36,2,0.8780487804878049,0.04878048780487805,41,40,0.975609756097561
1035,16,8.75,9.5,1.693123346560039,10,1,0.625,0.0625,16,9.75,10.0,0.5773502691896266,15,0,0.9375,0.0,16,16,1.0
1112,3,8.0,8.0,1.0,1,0,0.3333333333333333,0.0,3,8.333333333333334,8.0,1.5275252316519465,1,0,0.3333333333333333,0.0,3,3,1.0
1428,8,7.5,8.0,2.449489742783178,3,2,0.375,0.25,8,8.875,9.0,1.1259916264596035,5,0,0.625,0.0,8,7,0.875
1637,7,8.428571428571429,9.0,1.7182493859684491,4,1,0.5714285714285714,0.14285714285714285,7,7.857142857142857,9.0,3.132015933791495,5,2,0.7142857142857143,0.2857142857142857,7,4,0.5714285714285714
1717,7,8.571428571428571,9.0,1.9023794624226835,5,1,0.7142857142857143,0.14285714285714285,7,9.142857142857142,10.0,1.4638501094227998,6,1,0.8571428571428571,0.14285714285714285,7,6,0.8571428571428571
1907,0,,,,0,0,nan,nan,0,,,,0,0,nan,nan,0,0,
2711,35,8.4,8.0,1.556768901206825,17,4,0.4857142857142857,0.11428571428571428,35,9.4,10.0,1.6485287558376192,30,1,0.8571428571428571,0.02857142857142857,35,26,0.7428571428571429
2921,77,7.48051948051948,8.0,2.118902332579361,22,18,0.2857142857142857,0.23376623376623376,77,9.181818181818182,10.0,1.2641543119421448,60,4,0.7792207792207793,0.05194805194805195,77,56,0.7272727272727273
3145,18,8.5,10.0,2.255711704566354,11,3,0.6111111111111112,0.16666666666666666,18,9.38888888888889,10.0,1.0921586228732252,14,0,0.7777777777777778,0.0,18,12,0.6666666666666666
3163,19,6.578947368421052,8.0,3.3385923426512187,6,7,0.3157894736842105,0.3684210526315789,19,8.631578947368421,10.0,2.629121659747678,14,2,0.7368421052631579,0.10526315789473684,19,18,0.9473684210526315
3179,32,8.1875,8.0,1.941690317821712,15,5,0.46875,0.15625,32,9.65625,10.0,0.8654432017665116,28,0,0.875,0.0,32,30,0.9375
3217,33,7.606060606060606,8.0,2.474108348721236,14,7,0.42424242424242425,0.21212121212121213,33,9.545454545454545,10.0,0.9384464919119356,28,1,0.8484848484848485,0.030303030303030304,33,26,0.7878787878787878
3407,16,7.75,9.5,3.356585566713095,9,4,0.5625,0.25,16,8.25,10.0,3.396076167186674,11,2,0.6875,0.125,16,14,0.875
3571,27,7.518518518518518,9.0,3.0429030972509223,14,8,0.5185185185185185,0.2962962962962963,27,8.518518518518519,9.0,1.695477476890765,16,3,0.5925925925925926,0.1111111111111111,27,26,0.9629629629629629
5965,15,8.533333333333333,9.0,1.4074631010979939,9,1,0.6,0.06666666666666667,15,8.4,9.0,1.3522468075656267,8,1,0.5333333333333333,0.06666666666666667,15,13,0.8666666666666667
6754,3,8.333333333333334,8.0,1.5275252316519465,1,0,0.3333333333333333,0.0,3,8.333333333333334,8.0,1.5275252316519465,1,0,0.3333333333333333,0.0,3,2,0.6666666666666666
7081,10,9.3,10.0,1.1595018087284064,7,0,0.7,0.0,11,9.636363636363637,10.0,0.6741998624632429,10,0,0.9090909090909091,0.0,11,11,1.0
8908,2,8.5,8.5,2.1213203435596424,1,0,0.5,0.0,2,8.5,8.5,2.1213203435596424,1,0,0.5,0.0,2,2,1.0
9954,12,9.666666666666666,10.0,0.6513389472789305,11,0,0.9166666666666666,0.0,12,9.75,10.0,0.6215815605080611,11,0,0.9166666666666666,0.0,12,11,0.9166666666666666
10508,5,8.6,8.0,1.3416407864998738,2,0,0.4,0.0,5,8.6,8.0,1.3416407864998738,2,0,0.4,0.0,5,4,0.8
10811,5,9.8,10.0,0.44721359549995804,5,0,1.0,0.0,5,10.0,10.0,0.0,5,0,1.0,0.0,5,5,1.0
11163,6,8.5,8.5,1.3784048752090226,3,0,0.5,0.0,6,9.0,9.5,1.2649110640673515,4,0,0.6666666666666666,0.0,6,6,1.0
11305,20,6.9,7.0,2.8635642126552705,7,7,0.35,0.35,20,8.8,10.0,2.0416711421361624,15,3,0.75,0.15,20,19,0.95
11328,13,6.846153846153846,6.0,2.339734808553947,4,7,0.3076923076923077,0.5384615384615384,13,8.615384615384615,9.0,1.804552647170555,8,2,0.6153846153846154,0.15384615384615385,13,12,0.9230769230769231
11439,21,8.047619047619047,8.0,2.1325147238926734,10,4,0.47619047619047616,0.19047619047619047,21,8.666666666666666,9.0,1.7701224063135672,14,3,0.6666666666666666,0.14285714285714285,21,21,1.0
11540,17,9.470588235294118,10.0,1.328422328310143,14,1,0.8235294117647058,0.058823529411764705,17,9.705882352941176,10.0,0.8488746876271653,15,0,0.8823529411764706,0.0,17,15,0.8823529411764706
11591,32,7.96875,8.0,1.874865586579992,11,4,0.34375,0.125,32,8.3125,9.0,2.442070776496733,18,4,0.5625,0.125,32,31,0.96875
11999,62,7.354838709677419,8.0,2.7645102978056926,27,19,0.43548387096774194,0.3064516129032258,62,8.629032258064516,10.0,2.2193919634591235,44,7,0.7096774193548387,0.11290322580645161,62,59,0.9516129032258065
12033,36,7.777777777777778,8.0,2.331291623740074,16,10,0.4444444444444444,0.2777777777777778,36,9.13888888888889,10.0,1.5334886049747167,28,1,0.7777777777777778,0.027777777777777776,36,35,0.9722222222222222
12035,55,8.218181818181819,9.0,2.0520171565497236,28,10,0.509090909090909,0.18181818181818182,55,8.8,10.0,1.8698385749300108,40,6,0.7272727272727273,0.10909090909090909,55,52,0.9454545454545454
12037,31,8.129032258064516,9.0,2.5656959482613537,16,5,0.5161290322580645,0.16129032258064516,31,9.67741935483871,10.0,0.7017642896867643,29,0,0.9354838709677419,0.0,31,30,0.967741935483871
12044,36,9.083333333333334,10.0,1.5743479375828675,25,2,0.6944444444444444,0.05555555555555555,36,9.416666666666666,10.0,1.9030051422496395,32,2,0.8888888888888888,0.05555555555555555,36,35,0.9722222222222222
12074,79,9.10126582278481,10.0,1.7066606823978183,62,5,0.7848101265822784,0.06329113924050633,79,9.620253164556962,10.0,1.1243664594277127,72,2,0.9113924050632911,0.02531645569620253,79,78,0.9873417721518988
12354,19,6.2631578947368425,6.0,2.468515191661171,3,10,0.15789473684210525,0.5263157894736842,19,8.31578947368421,8.0,1.857496271237393,9,2,0.47368421052631576,0.10526315789473684,19,19,1.0
12553,21,8.142857142857142,8.0,2.2424476423255526,10,3,0.47619047619047616,0.14285714285714285,21,9.0,10.0,2.4698178070456938,17,2,0.8095238095238095,0.09523809523809523,21,16,0.7619047619047619
12702,61,7.934426229508197,8.0,2.286692316126917,28,12,0.45901639344262296,0.19672131147540983,61,9.245901639344263,10.0,1.299432410771695,47,2,0.7704918032786885,0.03278688524590164,61,57,0.9344262295081968
12713,24,9.125,10.0,1.153915828442627,18,0,0.75,0.0,24,9.625,10.0,0.9237212077056678,22,1,0.9166666666666666,0.041666666666666664,24,24,1.0
12806,17,6.352941176470588,7.0,2.44798836983012,3,7,0.17647058823529413,0.4117647058823529,17,8.823529411764707,10.0,1.5904124511289144,11,2,0.6470588235294118,0.11764705882352941,17,16,0.9411764705882353
12918,30,7.566666666666666,9.0,3.1478874507038603,16,9,0.5333333333333333,0.3,30,8.833333333333334,10.0,1.895245108947258,19,4,0.6333333333333333,0.13333333333333333,30,28,0.9333333333333333
12969,57,6.298245614035087,7.0,2.853349612302191,11,27,0.19298245614035087,0.47368421052631576,57,8.75438596491228,10.0,2.0639828154945095,41,9,0.7192982456140351,0.15789473684210525,57,44,0.7719298245614035
13102,13,7.384615384615385,8.0,2.7245324228345904,5,3,0.38461538461538464,0.23076923076923078,13,8.076923076923077,9.0,2.841992800294026,9,3,0.6923076923076923,0.23076923076923078,13,11,0.8461538461538461
13276,30,8.2,8.5,2.0068847019439238,15,6,0.5,0.2,30,9.3,10.0,1.4178662939735207,24,1,0.8,0.03333333333333333,30,28,0.9333333333333333
13402,55,6.781818181818182,7.0,2.462240090370203,14,22,0.2545454545454545,0.4,55,8.436363636363636,9.0,1.9791846091690686,32,7,0.5818181818181818,0.12727272727272726,55,53,0.9636363636363636
13448,17,8.294117647058824,8.0,1.3117119482928095,8,1,0.47058823529411764,0.058823529411764705,17,9.058823529411764,9.0,0.8993461677306274,13,0,0.7647058823529411,0.0,17,17,1.0
13619,21,7.333333333333333,7.0,2.081665999466132,6,9,0.2857142857142857,0.42857142857142855,21,8.714285714285714,9.0,1.4192553379451192,11,2,0.5238095238095238,0.09523809523809523,21,19,0.9047619047619048
13741,29,7.9655172413793105,9.0,2.542253761368466,16,5,0.5517241379310345,0.1724137931034483,29,9.655172413793103,10.0,0.8139788549800779,25,0,0.8620689655172413,0.0,29,27,0.9310344827586207
13873,13,8.076923076923077,9.0,1.6563785025137652,7,2,0.5384615384615384,0.15384615384615385,13,9.76923076923077,10.0,0.5991446895152781,12,0,0.9230769230769231,0.0,13,13,1.0
14121,12,7.25,8.0,2.8324419275118906,4,3,0.3333333333333333,0.25,12,7.5,8.0,2.1950357213908434,5,5,0.4166666666666667,0.4166666666666667,12,11,0.9166666666666666
14233,30,4.966666666666667,5.5,3.1015383650512947,4,19,0.13333333333333333,0.6333333333333333,30,7.166666666666667,8.0,2.6140645235596858,12,9,0.4,0.3,30,25,0.8333333333333334
14328,84,7.642857142857143,8.0,2.2042831096614446,33,23,0.39285714285714285,0.27380952380952384,84,9.05952380952381,10.0,1.6380357799186627,67,5,0.7976190476190477,0.05952380952380952,84,74,0.8809523809523809
14505,38,7.184210526315789,7.0,2.323269634011221,11,11,0.2894736842105263,0.2894736842105263,38,9.157894736842104,10.0,1.4800715064806413,30,3,0.7894736842105263,0.07894736842105263,38,38,1.0
14542,11,8.818181818181818,9.0,1.2504544628399565,7,1,0.6363636363636364,0.09090909090909091,11,9.363636363636363,10.0,1.0269106361049416,9,0,0.8181818181818182,0.0,11,10,0.9090909090909091
14700,15,7.733333333333333,8.0,2.3441924185608345,6,3,0.4,0.2,15,9.333333333333334,10.0,1.5886502207249786,13,1,0.8666666666666667,0.06666666666666667,15,13,0.8666666666666667
15000,8,7.375,8.0,2.615202805574687,3,2,0.375,0.25,8,8.5,9.5,2.390457218668787,5,1,0.625,0.125,8,6,0.75
15413,41,9.024390243902438,10.0,1.3320624024055492,29,2,0.7073170731707317,0.04878048780487805,41,9.439024390243903,10.0,1.0965578071356945,33,1,0.8048780487804879,0.024390243902439025,41,38,0.926829268292683
15629,7,10.0,10.0,0.0,7,0,1.0,0.0,7,10.0,10.0,0.0,7,0,1.0,0.0,7,7,1.0
15833,15,8.066666666666666,8.0,2.0862360730226466,7,3,0.4666666666666667,0.2,15,8.933333333333334,10.0,2.1201976547572388,12,1,0.8,0.06666666666666667,15,13,0.8666666666666667
15862,8,6.625,7.0,2.9246489410818914,2,3,0.25,0.375,8,7.75,8.0,2.434865792722759,3,2,0.375,0.25,8,7,0.875
15865,5,9.6,10.0,0.8944271909999157,4,0,0.8,0.0,5,9.0,9.0,0.9999999999999998,3,0,0.6,0.0,5,2,0.4
15868,13,7.076923076923077,7.0,2.177978361598146,4,4,0.3076923076923077,0.3076923076923077,13,7.846153846153846,9.0,3.105000103224739,7,2,0.5384615384615384,0.15384615384615385,13,11,0.8461538461538461
16009,29,8.931034482758621,10.0,1.8309059912427168,22,3,0.7586206896551724,0.10344827586206896,29,9.379310344827585,10.0,1.7405621650048317,25,1,0.8620689655172413,0.034482758620689655,29,29,1.0
16010,9,9.222222222222221,10.0,1.2018504251546636,6,0,0.6666666666666666,0.0,9,9.777777777777779,10.0,0.6666666666666667,8,0,0.8888888888888888,0.0,9,8,0.8888888888888888
16268,24,7.75,8.0,1.9836286468731117,10,6,0.4166666666666667,0.25,24,9.0,10.0,1.532261755365748,19,2,0.7916666666666666,0.08333333333333333,24,23,0.9583333333333334
16272,9,8.88888888888889,10.0,2.619372274250285,8,1,0.8888888888888888,0.1111111111111111,9,10.0,10.0,0.0,9,0,1.0,0.0,9,8,0.8888888888888888
16403,12,9.25,10.0,1.1381803659589924,10,0,0.8333333333333334,0.0,12,9.333333333333334,10.0,1.0730867399773196,9,0,0.75,0.0,12,11,0.9166666666666666
17154,9,8.555555555555555,9.0,1.5092308563562353,5,0,0.5555555555555556,0.0,9,8.444444444444445,8.0,1.3333333333333333,4,0,0.4444444444444444,0.0,9,9,1.0
17196,27,8.148148148148149,9.0,2.332112012478482,14,3,0.5185185185185185,0.1111111111111111,27,8.777777777777779,10.0,1.8045526471705546,18,4,0.6666666666666666,0.14814814814814814,27,24,0.8888888888888888
18354,0,,,,0,0,nan,nan,0,,,,0,0,nan,nan,0,0,
18382,9,9.88888888888889,10.0,0.33333333333333326,9,0,1.0,0.0,9,9.88888888888889,10.0,0.33333333333333326,9,0,1.0,0.0,9,9,1.0
18877,9,8.11111111111111,8.0,1.9649710204252662,4,2,0.4444444444444444,0.2222222222222222,9,9.444444444444445,10.0,0.881917103688197,7,0,0.7777777777777778,0.0,9,9,1.0
18892,15,7.866666666666666,8.0,1.9223002094465098,6,4,0.4,0.26666666666666666,15,8.4,8.0,1.6388149028228558,7,1,0.4666666666666667,0.06666666666666667,15,15,1.0
18954,6,8.166666666666666,9.0,2.6394443859772205,4,1,0.6666666666666666,0.16666666666666666,6,8.166666666666666,9.0,2.7141603981096374,3,1,0.5,0.16666666666666666,6,6,1.0
18959,6,9.833333333333334,10.0,0.408248290463863,6,0,1.0,0.0,6,9.833333333333334,10.0,0.408248290463863,6,0,1.0,0.0,6,4,0.6666666666666666
18961,19,8.842105263157896,9.0,1.3442535266309146,12,1,0.631578947368421,0.05263157894736842,19,8.947368421052632,9.0,1.223550580642996,12,1,0.631578947368421,0.05263157894736842,19,17,0.8947368421052632
19026,0,,,,0,0,nan,nan,0,,,,0,0,nan,nan,0,0,
19060,47,9.27659574468085,10.0,1.2803214212535186,39,3,0.8297872340425532,0.06382978723404255,47,9.595744680851064,10.0,0.8251369970070336,41,0,0.8723404255319149,0.0,47,45,0.9574468085106383
19077,13,7.3076923076923075,8.0,2.839736354681991,4,4,0.3076923076923077,0.3076923076923077,13,8.692307692307692,9.0,1.4366984945013916,7,1,0.5384615384615384,0.07692307692307693,13,12,0.9230769230769231
19191,4,5.75,6.0,4.031128874149275,1,2,0.25,0.5,4,5.5,6.0,5.259911279353167,2,2,0.5,0.5,4,4,1.0
19367,2,10.0,10.0,0.0,2,0,1.0,0.0,2,9.5,9.5,0.7071067811865476,2,0,1.0,0.0,2,2,1.0
19396,9,8.777777777777779,10.0,2.1081851067789197,6,1,0.6666666666666666,0.1111111111111111,9,9.222222222222221,10.0,1.9860625479688312,8,1,0.8888888888888888,0.1111111111111111,9,8,0.8888888888888888
20315,11,9.363636363636363,10.0,0.9244162777371762,10,0,0.9090909090909091,0.0,11,9.0,10.0,1.3416407864998738,7,1,0.6363636363636364,0.09090909090909091,11,11,1.0
20392,42,8.428571428571429,8.0,1.5164602098123947,20,4,0.47619047619047616,0.09523809523809523,42,8.261904761904763,8.0,1.6088099496594102,19,5,0.4523809523809524,0.11904761904761904,42,40,0.9523809523809523
20578,10,7.0,7.5,3.018461712712472,3,3,0.3,0.3,10,9.3,10.0,0.9486832980505145,7,0,0.7,0.0,10,9,0.9
20854,17,9.058823529411764,9.0,1.0289915108550536,11,0,0.6470588235294118,0.0,17,9.235294117647058,10.0,1.0325582165612919,12,0,0.7058823529411765,0.0,17,16,0.9411764705882353
21427,11,8.454545454545455,8.0,1.213559752433836,5,0,0.45454545454545453,0.0,11,9.272727272727273,10.0,1.009049958219026,9,0,0.8181818181818182,0.0,11,11,1.0
21443,31,7.903225806451613,8.0,1.7579313355888393,12,7,0.3870967741935484,0.22580645161290322,31,8.225806451612904,9.0,1.8020299187186077,16,5,0.5161290322580645,0.16129032258064516,31,30,0.967741935483871
21578,6,8.666666666666666,9.0,1.6329931618554518,3,1,0.5,0.16666666666666666,6,9.5,10.0,0.8366600265340756,5,0,0.8333333333333334,0.0,6,6,1.0
21808,5,8.0,8.0,1.5811388300841898,2,1,0.4,0.2,5,8.0,8.0,1.5811388300841898,2,1,0.4,0.2,5,4,0.8
21822,9,8.333333333333334,10.0,2.958039891549808,6,1,0.6666666666666666,0.1111111111111111,9,9.222222222222221,10.0,1.9860625479688312,8,1,0.8888888888888888,0.1111111111111111,9,9,1.0
21869,10,8.5,10.0,3.100179206289712,7,1,0.7,0.1,10,9.4,10.0,1.2649110640673518,8,0,0.8,0.0,10,10,1.0
21876,8,9.375,10.0,1.0606601717798214,7,0,0.875,0.0,8,9.0,9.5,1.414213562373095,6,1,0.75,0.125,8,8,1.0
21879,14,8.0,8.0,1.9215378456610461,6,4,0.42857142857142855,0.2857142857142857,14,8.5,9.0,2.139374459257443,8,1,0.5714285714285714,0.07142857142857142,14,13,0.9285714285714286
21892,0,,,,0,0,nan,nan,0,,,,0,0,nan,nan,0,0,
27518,10,8.4,8.0,1.1737877907772678,4,1,0.4,0.1,10,8.1,8.5,2.514402955419481,5,2,0.5,0.2,10,10,1.0
29447,16,8.75,9.5,1.5275252316519465,9,1,0.5625,0.0625,16,8.8125,9.0,1.108677891304173,9,0,0.5625,0.0,16,15,0.9375
38246,19,7.368421052631579,8.0,2.4991226530700166,8,7,0.42105263157894735,0.3684210526315789,19,8.947368421052632,10.0,2.0942695414584778,16,1,0.8421052631578947,0.05263157894736842,19,19,1.0
38431,6,6.666666666666667,8.5,4.179314138308661,3,2,0.5,0.3333333333333333,6,7.666666666666667,7.5,2.2509257354845507,2,1,0.3333333333333333,0.16666666666666666,6,2,0.3333333333333333
38678,15,8.066666666666666,8.0,1.2798809468443693,5,1,0.3333333333333333,0.06666666666666667,15,8.8,9.0,1.2649110640673518,8,0,0.5333333333333333,0.0,15,15,1.0
39715,4,10.0,10.0,0.0,4,0,1.0,0.0,4,10.0,10.0,0.0,4,0,1.0,0.0,4,4,1.0
41069,6,7.333333333333333,8.5,3.204163957519444,3,2,0.5,0.3333333333333333,6,9.333333333333334,10.0,1.211060141638997,5,0,0.8333333333333334,0.0,6,5,0.8333333333333334
41490,15,7.266666666666667,7.0,2.789435853528878,7,5,0.4666666666666667,0.3333333333333333,15,9.133333333333333,10.0,1.5055453054181616,11,1,0.7333333333333333,0.06666666666666667,15,14,0.9333333333333333
43037,21,9.19047619047619,10.0,1.4703417160322847,17,2,0.8095238095238095,0.09523809523809523,21,9.476190476190476,10.0,1.327367606168224,18,2,0.8571428571428571,0.09523809523809523,21,21,1.0
43084,6,6.666666666666667,6.5,3.07679486912382,2,3,0.3333333333333333,0.5,6,9.333333333333334,9.5,0.8164965809277264,5,0,0.8333333333333334,0.0,6,6,1.0
44372,25,6.88,7.0,3.1533051443419384,10,9,0.4,0.36,25,9.48,10.0,1.5307950004273376,23,2,0.92,0.08,25,22,0.88
45102,5,8.2,8.0,1.7888543819998317,2,1,0.4,0.2,5,7.6,9.0,3.7148351242013424,4,1,0.8,0.2,5,4,0.8
45701,7,8.428571428571429,9.0,1.8126539343499315,5,1,0.7142857142857143,0.14285714285714285,7,9.0,9.0,1.1547005383792521,5,0,0.7142857142857143,0.0,7,6,0.8571428571428571
45703,7,9.0,9.0,1.0000000000000004,4,0,0.5714285714285714,0.0,7,9.714285714285714,10.0,0.4879500364742666,7,0,1.0,0.0,7,7,1.0
46729,11,9.090909090909092,10.0,1.300349603340998,7,0,0.6363636363636364,0.0,11,9.363636363636363,10.0,0.9244162777371762,8,0,0.7272727272727273,0.0,11,11,1.0
47333,6,9.5,10.0,0.8366600265340756,5,0,0.8333333333333334,0.0,6,9.666666666666666,10.0,0.816496580927726,5,0,0.8333333333333334,0.0,6,6,1.0
48289,33,7.151515151515151,8.0,2.751377065684701,13,12,0.3939393939393939,0.36363636363636365,33,8.454545454545455,9.0,2.1078856273958073,21,6,0.6363636363636364,0.18181818181818182,33,31,0.9393939393939394
48946,11,7.0,8.0,3.40587727318528,4,3,0.36363636363636365,0.2727272727272727,11,8.636363636363637,9.0,1.689540012709215,7,1,0.6363636363636364,0.09090909090909091,11,10,0.9090909090909091
49324,37,8.486486486486486,9.0,1.8800357801208292,21,5,0.5675675675675675,0.13513513513513514,37,8.486486486486486,10.0,2.129444654020041,24,5,0.6486486486486487,0.13513513513513514,37,33,0.8918918918918919
50439,3,9.0,9.0,1.0,2,0,0.6666666666666666,0.0,3,9.0,9.0,1.0,2,0,0.6666666666666666,0.0,3,3,1.0
52068,0,,,,0,0,nan,nan,0,,,,0,0,nan,nan,0,0,
52139,4,8.25,8.5,2.0615528128088303,2,1,0.5,0.25,4,8.25,8.5,2.0615528128088303,2,1,0.5,0.25,4,4,1.0
52442,40,9.25,10.0,1.5972733176516933,32,2,0.8,0.05,40,9.5,10.0,1.1547005383792517,35,2,0.875,0.05,40,40,1.0
55811,14,8.0,8.0,2.689008968145928,6,2,0.42857142857142855,0.14285714285714285,14,8.071428571428571,8.5,2.70225790815714,7,2,0.5,0.14285714285714285,14,12,0.8571428571428571
58522,12,9.166666666666666,9.0,0.8348471099367217,9,0,0.75,0.0,12,9.25,10.0,0.965307299163423,8,0,0.6666666666666666,0.0,12,12,1.0
58526,9,7.888888888888889,8.0,1.6914819275153699,3,2,0.3333333333333333,0.2222222222222222,9,8.333333333333334,8.0,1.118033988749895,3,0,0.3333333333333333,0.0,9,8,0.8888888888888888
58588,17,8.588235294117647,8.0,1.41681083464818,7,1,0.4117647058823529,0.058823529411764705,17,8.588235294117647,9.0,1.502448981222481,9,1,0.5294117647058824,0.058823529411764705,17,17,1.0
59272,27,7.555555555555555,8.0,1.9281983087713561,7,6,0.25925925925925924,0.2222222222222222,27,8.074074074074074,8.0,1.8999175270749542,13,5,0.48148148148148145,0.18518518518518517,27,23,0.8518518518518519
59426,66,8.166666666666666,8.0,1.7679482531004767,27,7,0.4090909090909091,0.10606060606060606,66,8.56060606060606,9.0,1.898410573074936,39,3,0.5909090909090909,0.045454545454545456,66,65,0.9848484848484849
59996,43,8.837209302325581,9.0,1.5264373797169415,27,3,0.627906976744186,0.06976744186046512,43,9.325581395348838,10.0,1.2290323377619772,35,3,0.813953488372093,0.06976744186046512,43,43,1.0
60290,7,8.857142857142858,10.0,1.573591584938886,4,1,0.5714285714285714,0.14285714285714285,7,9.857142857142858,10.0,0.3779644730092272,7,0,1.0,0.0,7,6,0.8571428571428571
60760,30,9.066666666666666,10.0,1.7207322686083046,24,3,0.8,0.1,30,9.366666666666667,10.0,1.6914252984479932,26,2,0.8666666666666667,0.06666666666666667,30,28,0.9333333333333333
61024,15,8.466666666666667,9.0,1.8073922282301276,8,1,0.5333333333333333,0.06666666666666667,15,8.866666666666667,9.0,1.5976172734359608,10,1,0.6666666666666666,0.06666666666666667,15,15,1.0
61669,14,8.142857142857142,10.0,2.9575754846246523,8,2,0.5714285714285714,0.14285714285714285,14,8.928571428571429,10.0,2.64471274328716,12,1,0.8571428571428571,0.07142857142857142,14,13,0.9285714285714286
63062,28,7.642857142857143,8.0,1.7683280597740132,9,7,0.32142857142857145,0.25,28,8.75,9.0,1.404358295529393,17,2,0.6071428571428571,0.07142857142857142,28,28,1.0
63383,25,7.64,8.0,2.1385353243127248,8,5,0.32,0.2,25,8.68,9.0,1.7009801096230777,16,4,0.64,0.16,25,24,0.96
64604,11,8.545454545454545,10.0,2.5045413298101655,8,2,0.7272727272727273,0.18181818181818182,11,9.090909090909092,10.0,1.4459976109624424,8,1,0.7272727272727273,0.09090909090909091,11,11,1.0
68313,6,9.0,9.5,1.2649110640673515,4,0,0.6666666666666666,0.0,6,9.5,10.0,1.224744871391589,5,0,0.8333333333333334,0.0,6,6,1.0
68511,33,7.878787878787879,8.0,2.433587574928934,15,8,0.45454545454545453,0.24242424242424243,33,8.090909090909092,8.0,2.1846572437632568,16,6,0.48484848484848486,0.18181818181818182,33,28,0.8484848484848485
70522,18,8.666666666666666,10.0,2.42535625036333,12,1,0.6666666666666666,0.05555555555555555,18,9.38888888888889,10.0,1.2432826042324119,14,1,0.7777777777777778,0.05555555555555555,18,15,0.8333333333333334
71037,8,7.125,7.5,2.4164614034338965,2,3,0.25,0.375,8,7.75,7.5,1.5811388300841898,2,2,0.25,0.25,8,6,0.75
71419,15,8.533333333333333,9.0,1.9591057240729095,10,2,0.6666666666666666,0.13333333333333333,15,9.2,10.0,1.2071217242444348,11,1,0.7333333333333333,0.06666666666666667,15,11,0.7333333333333333
74276,0,,,,0,0,nan,nan,0,,,,0,0,nan,nan,0,0,
76212,2,8.5,8.5,2.1213203435596424,1,0,0.5,0.0,2,9.0,9.0,1.4142135623730951,1,0,0.5,0.0,2,1,0.5
80827,5,8.0,8.0,2.1213203435596424,2,1,0.4,0.2,5,9.2,10.0,1.30384048104053,4,0,0.8,0.0,5,5,1.0
81423,22,9.0,10.0,1.3801311186847094,15,1,0.6818181818181818,0.045454545454545456,22,9.5,10.0,0.9636241116594314,19,0,0.8636363636363636,0.0,22,21,0.9545454545454546
81660,9,9.333333333333334,10.0,1.118033988749895,7,0,0.7777777777777778,0.0,9,9.444444444444445,10.0,0.881917103688197,7,0,0.7777777777777778,0.0,9,9,1.0
81812,17,8.176470588235293,8.0,2.0073394742060655,8,3,0.47058823529411764,0.17647058823529413,17,8.411764705882353,9.0,1.970368732287556,11,2,0.6470588235294118,0.11764705882352941,17,14,0.8235294117647058
82658,39,8.051282051282051,9.0,2.459661058686081,20,5,0.5128205128205128,0.1282051282051282,39,8.64102564102564,10.0,2.569939375561626,30,5,0.7692307692307693,0.1282051282051282,39,39,1.0
83289,13,8.76923076923077,9.0,1.012739367083667,7,0,0.5384615384615384,0.0,13,8.846153846153847,9.0,1.0681880176381127,7,0,0.5384615384615384,0.0,13,12,0.9230769230769231
83302,35,7.771428571428571,8.0,2.1974010622941424,14,6,0.4,0.17142857142857143,35,7.714285714285714,8.0,2.136123875172981,13,7,0.37142857142857144,0.2,35,34,0.9714285714285714
83312,18,8.88888888888889,10.0,1.9063018984684914,13,2,0.7222222222222222,0.1111111111111111,18,9.166666666666666,10.0,1.7573375583870186,14,2,0.7777777777777778,0.1111111111111111,18,16,0.8888888888888888
83318,21,8.523809523809524,9.0,1.5368489717290905,12,2,0.5714285714285714,0.09523809523809523,21,8.80952380952381,10.0,1.6917165134574892,15,3,0.7142857142857143,0.14285714285714285,21,21,1.0
83330,12,7.666666666666667,8.5,2.70801280154532,6,2,0.5,0.16666666666666666,12,8.583333333333334,9.0,1.6213537179739284,7,1,0.5833333333333334,0.08333333333333333,12,11,0.9166666666666666
83929,22,9.545454545454545,10.0,0.8578640544577768,19,0,0.8636363636363636,0.0,22,9.772727272727273,10.0,0.6119304490372044,20,0,0.9090909090909091,0.0,22,22,1.0
84374,10,7.5,8.0,3.13581462037113,4,2,0.4,0.2,10,8.9,9.5,1.66332999331662,8,1,0.8,0.1,10,9,0.9
85320,22,8.545454545454545,10.0,1.8955404488096772,14,5,0.6363636363636364,0.22727272727272727,22,9.363636363636363,10.0,1.0930714500000434,17,1,0.7727272727272727,0.045454545454545456,22,21,0.9545454545454546
85760,17,8.764705882352942,9.0,1.6404805608687456,11,2,0.6470588235294118,0.11764705882352941,17,7.529411764705882,8.0,2.917996895535179,8,5,0.47058823529411764,0.29411764705882354,17,17,1.0
86396,21,8.904761904761905,10.0,1.6094956323259126,14,2,0.6666666666666666,0.09523809523809523,21,9.380952380952381,10.0,1.244033378820298,17,1,0.8095238095238095,0.047619047619047616,21,17,0.8095238095238095
88788,29,8.586206896551724,9.0,1.6150462483274133,18,4,0.6206896551724138,0.13793103448275862,29,8.931034482758621,10.0,1.6241708760111286,21,3,0.7241379310344828,0.10344827586206896,29,27,0.9310344827586207
92391,11,9.727272727272727,10.0,0.46709936649691386,11,0,1.0,0.0,11,9.909090909090908,10.0,0.3015113445777635,11,0,1.0,0.0,11,11,1.0
94692,3,10.0,10.0,0.0,3,0,1.0,0.0,3,10.0,10.0,0.0,3,0,1.0,0.0,3,3,1.0
95055,17,8.117647058823529,9.0,2.689850203570277,9,3,0.5294117647058824,0.17647058823529413,17,8.705882352941176,10.0,2.2848606599296417,12,2,0.7058823529411765,0.11764705882352941,17,17,1.0
95221,6,9.666666666666666,10.0,0.816496580927726,5,0,0.8333333333333334,0.0,6,9.5,10.0,0.8366600265340756,5,0,0.8333333333333334,0.0,6,4,0.6666666666666666
96158,38,7.342105263157895,8.0,2.430396650860121,14,11,0.3684210526315789,0.2894736842105263,38,9.0,10.0,1.8599622199011092,29,2,0.7631578947368421,0.05263157894736842,38,29,0.7631578947368421
96913,16,6.875,8.0,3.685557397915997,7,6,0.4375,0.375,16,7.0625,9.5,3.785388575386504,9,6,0.5625,0.375,16,14,0.875
96955,3,8.333333333333334,8.0,1.5275252316519465,1,0,0.3333333333333333,0.0,3,9.333333333333334,10.0,1.1547005383792515,2,0,0.6666666666666666,0.0,3,2,0.6666666666666666
99045,41,7.902439024390244,8.0,2.4779515536908754,20,7,0.4878048780487805,0.17073170731707318,41,8.463414634146341,9.0,1.8854384234921309,23,3,0.5609756097560976,0.07317073170731707,41,38,0.926829268292683
99503,13,7.923076923076923,8.0,2.4311018921995866,6,3,0.46153846153846156,0.23076923076923078,13,9.538461538461538,10.0,0.7762500258061846,11,0,0.8461538461538461,0.0,13,13,1.0
99806,43,8.30232558139535,8.0,1.6114897532426953,20,6,0.46511627906976744,0.13953488372093023,43,9.279069767441861,10.0,1.1613945106217465,32,1,0.7441860465116279,0.023255813953488372,43,40,0.9302325581395349
99898,8,8.5,9.0,1.6903085094570331,4,1,0.5,0.125,8,9.875,10.0,0.35355339059327373,8,0,1.0,0.0,8,7,0.875
99952,980,8.403061224489797,9.0,2.0308626948462583,580,140,0.5918367346938775,0.14285714285714285,980,8.083673469387755,9.0,2.286242278139302,520,184,0.5306122448979592,0.18775510204081633,980,895,0.9132653061224489
100309,76,8.131578947368421,9.0,2.223163543320841,43,16,0.5657894736842105,0.21052631578947367,76,7.7894736842105265,8.5,2.3906249641669537,38,20,0.5,0.2631578947368421,76,70,0.9210526315789473
100369,7,9.142857142857142,10.0,1.2149857925879117,5,0,0.7142857142857143,0.0,7,9.714285714285714,10.0,0.7559289460184545,6,0,0.8571428571428571,0.0,7,6,0.8571428571428571
100373,17,8.588235294117647,9.0,1.4168108346481798,9,1,0.5294117647058824,0.058823529411764705,17,8.882352941176471,9.0,1.2689736473414488,10,1,0.5882352941176471,0.058823529411764705,17,17,1.0
100412,12,8.75,10.0,1.712255291076124,7,1,0.5833333333333334,0.08333333333333333,12,8.666666666666666,10.0,1.8257418583505538,7,2,0.5833333333333334,0.16666666666666666,12,12,1.0
100620,10,9.3,10.0,1.337493509849259,8,1,0.8,0.1,10,9.0,10.0,1.6996731711975948,7,2,0.7,0.2,10,9,0.9
100690,50,9.12,10.0,1.2719902451172618,36,2,0.72,0.04,50,9.18,10.0,1.3804761083460613,37,3,0.74,0.06,50,49,0.98
100724,19,8.842105263157896,9.0,1.16729306492209,11,0,0.5789473684210527,0.0,19,8.105263157894736,9.0,2.078854835456431,11,5,0.5789473684210527,0.2631578947368421,19,18,0.9473684210526315
100775,8,8.875,10.0,1.642080561796093,5,1,0.625,0.125,8,9.5,10.0,1.069044967649698,7,0,0.875,0.0,8,8,1.0
100808,10,9.1,10.0,1.197218999737865,6,0,0.6,0.0,10,9.2,10.0,1.398411797560202,7,1,0.7,0.1,10,10,1.0
100916,10,7.2,7.5,2.250925735484551,3,4,0.3,0.4,10,8.1,9.0,1.9119507199599983,6,3,0.6,0.3,10,10,1.0
101556,7,8.571428571428571,9.0,1.8126539343499313,4,1,0.5714285714285714,0.14285714285714285,7,9.571428571428571,10.0,0.7867957924694431,6,0,0.8571428571428571,0.0,7,6,0.8571428571428571
102152,25,8.4,9.0,1.5275252316519468,13,4,0.52,0.16,25,9.32,10.0,0.9,20,0,0.8,0.0,25,24,0.96
102430,29,8.827586206896552,10.0,1.5826958357101926,19,3,0.6551724137931034,0.10344827586206896,29,9.379310344827585,10.0,1.2653004471961902,24,1,0.8275862068965517,0.034482758620689655,29,28,0.9655172413793104
102576,71,8.338028169014084,9.0,2.0067291223839216,43,15,0.6056338028169014,0.2112676056338028,71,9.225352112676056,10.0,1.232850160036741,56,4,0.7887323943661971,0.056338028169014086,71,70,0.9859154929577465
102588,13,6.846153846153846,8.0,3.5787836352163436,5,4,0.38461538461538464,0.3076923076923077,13,9.23076923076923,10.0,1.0919284281983375,9,0,0.6923076923076923,0.0,13,13,1.0
102944,7,8.571428571428571,9.0,1.3972762620115435,4,1,0.5714285714285714,0.14285714285714285,7,9.428571428571429,10.0,0.7867957924694436,6,0,0.8571428571428571,0.0,7,6,0.8571428571428571
103381,29,8.827586206896552,10.0,2.1055872190307894,20,2,0.6896551724137931,0.06896551724137931,29,8.931034482758621,10.0,1.8503095201065811,20,2,0.6896551724137931,0.06896551724137931,29,29,1.0
103572,20,9.35,10.0,1.039989878493258,16,0,0.8,0.0,20,9.5,10.0,0.8271701918685108,16,0,0.8,0.0,20,18,0.9
104282,6,8.833333333333334,9.0,1.1690451944500124,4,0,0.6666666666666666,0.0,6,9.5,9.5,0.5477225575051661,6,0,1.0,0.0,6,6,1.0
104814,17,9.0,9.0,1.0000000000000007,11,0,0.6470588235294118,0.0,17,8.941176470588236,9.0,1.1440382552221608,10,0,0.5882352941176471,0.0,17,16,0.9411764705882353
106404,17,8.235294117647058,8.0,1.601928984252496,8,3,0.47058823529411764,0.17647058823529413,17,9.0,10.0,1.7677669529663695,13,3,0.7647058823529411,0.17647058823529413,17,17,1.0
107520,49,7.857142857142857,8.0,1.925703334715224,20,10,0.40816326530612246,0.20408163265306123,49,8.857142857142858,10.0,2.1311186420907364,38,5,0.7755102040816326,0.10204081632653061,49,47,0.9591836734693877
108012,1,10.0,10.0,,1,0,1.0,0.0,1,8.0,8.0,,0,0,0.0,0.0,1,1,1.0
108730,14,8.642857142857142,8.5,1.1507283885330306,7,1,0.5,0.07142857142857142,14,9.214285714285714,10.0,1.1883130530663677,11,1,0.7857142857142857,0.07142857142857142,14,14,1.0
108734,35,8.742857142857142,10.0,1.9150004936699887,24,5,0.6857142857142857,0.14285714285714285,35,9.028571428571428,10.0,1.740279123753264,26,4,0.7428571428571429,0.11428571428571428,35,31,0.8857142857142857
109356,9,7.111111111111111,7.0,2.4720661623652207,2,2,0.2222222222222222,0.2222222222222222,9,6.444444444444445,7.0,2.96273147243853,2,4,0.2222222222222222,0.4444444444444444,9,8,0.8888888888888888
109768,18,8.88888888888889,9.5,1.3234931004459767,11,1,0.6111111111111112,0.05555555555555555,18,8.5,8.5,1.2485285456935955,9,1,0.5,0.05555555555555555,18,18,1.0
109948,35,8.114285714285714,9.0,2.233059475663096,18,7,0.5142857142857142,0.2,35,8.571428571428571,10.0,2.32992949004287,23,4,0.6571428571428571,0.11428571428571428,35,32,0.9142857142857143
111506,5,9.8,10.0,0.44721359549995804,5,0,1.0,0.0,5,10.0,10.0,0.0,5,0,1.0,0.0,5,5,1.0
113030,18,8.333333333333334,9.0,2.14201664188625,9,2,0.5,0.1111111111111111,18,7.888888888888889,8.0,2.3736020997851717,8,3,0.4444444444444444,0.16666666666666666,18,18,1.0
113295,14,8.714285714285714,9.5,1.489892687336984,8,1,0.5714285714285714,0.07142857142857142,14,9.642857142857142,10.0,0.6333236937766512,13,0,0.9285714285714286,0.0,14,14,1.0
113490,47,9.127659574468085,10.0,1.3612178255325786,35,4,0.7446808510638298,0.0851063829787234,47,9.127659574468085,10.0,1.3770955774445015,34,4,0.723404255319149,0.0851063829787234,47,42,0.8936170212765957
113589,7,9.571428571428571,10.0,0.7867957924694431,6,0,0.8571428571428571,0.0,7,9.714285714285714,10.0,0.4879500364742666,7,0,1.0,0.0,7,7,1.0
113907,66,8.954545454545455,10.0,1.4825323260900924,44,4,0.6666666666666666,0.06060606060606061,66,9.378787878787879,10.0,1.0921418830783358,55,2,0.8333333333333334,0.030303030303030304,66,64,0.9696969696969697
113953,30,8.766666666666667,9.0,1.4546793303071943,18,3,0.6,0.1,30,8.9,10.0,2.0231419743250503,22,2,0.7333333333333333,0.06666666666666667,30,30,1.0
114388,3,8.333333333333334,8.0,0.5773502691896255,1,0,0.3333333333333333,0.0,3,9.333333333333334,9.0,0.5773502691896255,3,0,1.0,0.0,3,2,0.6666666666666666
114556,13,8.461538461538462,9.0,1.5607361839521232,7,2,0.5384615384615384,0.15384615384615385,13,9.23076923076923,10.0,1.0127393670836666,10,0,0.7692307692307693,0.0,13,12,0.9230769230769231
114853,91,8.142857142857142,8.0,2.2089284912294196,45,15,0.4945054945054945,0.16483516483516483,91,9.032967032967033,10.0,1.5807912888490694,66,7,0.7252747252747253,0.07692307692307693,91,90,0.989010989010989
115086,9,8.666666666666666,10.0,2.958039891549808,7,1,0.7777777777777778,0.1111111111111111,9,9.88888888888889,10.0,0.33333333333333326,9,0,1.0,0.0,9,7,0.7777777777777778
116144,13,9.307692307692308,10.0,1.0315534712764842,10,0,0.7692307692307693,0.0,13,9.307692307692308,10.0,1.0315534712764842,10,0,0.7692307692307693,0.0,13,10,0.7692307692307693
116730,5,9.0,9.0,1.224744871391589,4,0,0.8,0.0,5,9.2,9.0,0.8366600265340758,4,0,0.8,0.0,5,5,1.0
116820,3,9.333333333333334,10.0,1.1547005383792515,2,0,0.6666666666666666,0.0,3,9.333333333333334,9.0,0.5773502691896255,3,0,1.0,0.0,3,3,1.0
116856,10,7.2,8.0,2.8982753492378874,4,2,0.4,0.2,10,8.4,9.0,2.716206504995115,7,1,0.7,0.1,10,9,0.9
116882,16,7.625,8.0,2.9636688973860306,7,4,0.4375,0.25,16,8.375,8.5,1.8929694486000914,8,2,0.5,0.125,16,16,1.0
117196,2,9.5,9.5,0.7071067811865476,2,0,1.0,0.0,2,10.0,10.0,0.0,2,0,1.0,0.0,2,2,1.0
118100,58,9.137931034482758,10.0,1.4442660475871287,44,3,0.7586206896551724,0.05172413793103448,58,9.431034482758621,10.0,1.390595845602748,50,3,0.8620689655172413,0.05172413793103448,58,57,0.9827586206896551
118564,4,8.0,9.0,2.8284271247461903,2,1,0.5,0.25,4,8.75,10.0,2.5,3,1,0.75,0.25,4,3,0.75
120389,11,8.090909090909092,9.0,2.9817627489304193,6,2,0.5454545454545454,0.18181818181818182,11,8.363636363636363,10.0,2.975658826973525,7,1,0.6363636363636364,0.09090909090909091,11,10,0.9090909090909091
120767,2,10.0,10.0,0.0,2,0,1.0,0.0,2,10.0,10.0,0.0,2,0,1.0,0.0,2,2,1.0
121013,23,9.043478260869565,10.0,1.330695678260922,17,1,0.7391304347826086,0.043478260869565216,23,9.0,9.0,1.5666989036012817,18,1,0.782608695652174,0.043478260869565216,23,20,0.8695652173913043
121792,6,8.833333333333334,9.0,1.329160135825126,3,0,0.5,0.0,6,8.833333333333334,9.0,1.329160135825126,3,0,0.5,0.0,6,6,1.0
122122,28,8.821428571428571,10.0,1.3892063129334615,15,2,0.5357142857142857,0.07142857142857142,28,9.142857142857142,10.0,1.3253730631840077,19,1,0.6785714285714286,0.03571428571428571,28,23,0.8214285714285714
122358,0,,,,0,0,nan,nan,0,,,,0,0,nan,nan,0,0,
122746,18,8.38888888888889,9.0,2.0040808040797766,12,4,0.6666666666666666,0.2222222222222222,18,9.11111111111111,10.0,1.6409785061104063,14,2,0.7777777777777778,0.1111111111111111,18,18,1.0
123356,13,8.538461538461538,10.0,2.933012803000372,10,2,0.7692307692307693,0.15384615384615385,13,8.692307692307692,10.0,2.780426087988895,10,1,0.7692307692307693,0.07692307692307693,13,11,0.8461538461538461
123472,56,8.517857142857142,9.0,1.7161380684927046,31,9,0.5535714285714286,0.16071428571428573,56,8.160714285714286,9.0,2.2055861782325326,29,10,0.5178571428571429,0.17857142857142858,56,48,0.8571428571428571
123494,2,10.0,10.0,0.0,2,0,1.0,0.0,2,10.0,10.0,0.0,2,0,1.0,0.0,2,2,1.0
123519,13,9.23076923076923,10.0,0.9268086959962983,9,0,0.6923076923076923,0.0,13,9.384615384615385,10.0,0.9607689228305228,11,0,0.8461538461538461,0.0,13,13,1.0
123787,2,9.5,9.5,0.7071067811865476,2,0,1.0,0.0,2,9.5,9.5,0.7071067811865476,2,0,1.0,0.0,2,2,1.0
300520,22,8.363636363636363,9.5,2.012945118960786,12,4,0.5454545454545454,0.18181818181818182,22,8.318181818181818,9.5,2.0091780749342596,13,6,0.5909090909090909,0.2727272727272727,22,21,0.9545454545454546
312333,40,7.775,8.0,2.4124410448489297,18,10,0.45,0.25,40,9.475,10.0,0.9604352645732541,32,1,0.8,0.025,40,35,0.875
1101770,43,9.023255813953488,10.0,1.5959527993531057,33,4,0.7674418604651163,0.09302325581395349,43,8.744186046511627,9.0,1.7056352434240416,30,6,0.6976744186046512,0.13953488372093023,43,35,0.813953488372093
1102402,21,8.904761904761905,9.0,1.3001831372834327,14,1,0.6666666666666666,0.047619047619047616,21,8.714285714285714,10.0,2.629502940535666,17,3,0.8095238095238095,0.14285714285714285,21,14,0.6666666666666666
1102641,4,10.0,10.0,0.0,4,0,1.0,0.0,4,9.5,10.0,0.9999999999999998,3,0,0.75,0.0,4,4,1.0
1102795,9,9.222222222222221,10.0,1.0929064207170007,7,0,0.7777777777777778,0.0,9,8.555555555555555,10.0,2.7888667551135846,7,2,0.7777777777777778,0.2222222222222222,9,8,0.8888888888888888
1102963,4,6.75,8.5,4.573474244670748,2,1,0.5,0.25,4,6.25,7.5,4.349329450233296,1,1,0.25,0.25,4,3,0.75
1103025,10,9.0,9.5,1.1547005383792515,6,0,0.6,0.0,10,9.3,10.0,1.0593499054713809,8,0,0.8,0.0,10,10,1.0
1103031,10,9.1,9.0,0.9944289260117533,8,0,0.8,0.0,10,9.5,9.5,0.5270462766947301,10,0,1.0,0.0,10,6,0.6
1103032,4,9.0,9.5,1.4142135623730951,3,0,0.75,0.0,4,9.0,9.5,1.4142135623730951,3,0,0.75,0.0,4,4,1.0
1103185,2,9.5,9.5,0.7071067811865476,2,0,1.0,0.0,2,10.0,10.0,0.0,2,0,1.0,0.0,2,2,1.0
1103461,15,8.333333333333334,9.0,2.3196879921559237,10,3,0.6666666666666666,0.2,15,9.066666666666666,10.0,2.0862360730226466,12,1,0.8,0.06666666666666667,15,14,0.9333333333333333
1103556,14,8.214285714285714,9.5,2.8059982846798706,8,2,0.5714285714285714,0.14285714285714285,14,9.214285714285714,10.0,1.4769288003552106,10,1,0.7142857142857143,0.07142857142857142,14,13,0.9285714285714286
1103657,14,7.428571428571429,8.5,3.1308461799005394,7,4,0.5,0.2857142857142857,14,9.285714285714286,10.0,1.0690449676496971,10,0,0.7142857142857143,0.0,14,13,0.9285714285714286
1103813,29,8.931034482758621,10.0,1.5102278560998348,21,3,0.7241379310344828,0.10344827586206896,29,9.482758620689655,10.0,1.0219270890672478,27,1,0.9310344827586207,0.034482758620689655,29,29,1.0
1103910,18,7.888888888888889,8.0,1.5676467522593476,7,3,0.3888888888888889,0.16666666666666666,18,8.444444444444445,9.0,1.6528841894672628,10,3,0.5555555555555556,0.16666666666666666,18,16,0.8888888888888888
1103911,28,8.357142857142858,10.0,2.3287937700192396,18,7,0.6428571428571429,0.25,28,9.107142857142858,10.0,1.6630914033428885,21,2,0.75,0.07142857142857142,28,27,0.9642857142857143
1103912,10,9.0,9.5,1.5634719199411433,8,1,0.8,0.1,10,8.9,10.0,1.66332999331662,7,2,0.7,0.2,10,8,0.8
1103914,25,8.6,9.0,1.914854215512676,17,3,0.68,0.12,25,9.04,10.0,1.8138357147217066,19,4,0.76,0.16,25,25,1.0
1105218,22,7.5,8.5,3.082207001484488,11,6,0.5,0.2727272727272727,22,8.636363636363637,9.5,1.9159842564581968,15,4,0.6818181818181818,0.18181818181818182,22,21,0.9545454545454546
1106721,6,9.5,10.0,0.8366600265340756,5,0,0.8333333333333334,0.0,6,9.5,10.0,0.8366600265340756,5,0,0.8333333333333334,0.0,6,6,1.0
1108212,23,8.391304347826088,9.0,2.29107220700429,13,2,0.5652173913043478,0.08695652173913043,23,9.608695652173912,10.0,0.7223151185146149,20,0,0.8695652173913043,0.0,23,22,0.9565217391304348
1111510,5,9.2,10.0,1.0954451150103326,3,0,0.6,0.0,5,9.2,10.0,1.0954451150103326,3,0,0.6,0.0,5,5,1.0
1117203,10,9.1,10.0,1.595131481867387,8,1,0.8,0.1,10,9.7,10.0,0.674948557710553,9,0,0.9,0.0,10,7,0.7
1122743,15,8.333333333333334,9.0,1.8387366263150307,9,4,0.6,0.26666666666666666,15,8.066666666666666,9.0,1.9808608037440503,8,3,0.5333333333333333,0.2,15,15,1.0
1123270,22,8.409090909090908,9.5,2.3023609188973397,13,3,0.5909090909090909,0.13636363636363635,22,8.545454545454545,10.0,2.4246211825330324,16,4,0.7272727272727273,0.18181818181818182,22,21,0.9545454545454546
1126144,7,9.857142857142858,10.0,0.3779644730092272,7,0,1.0,0.0,7,10.0,10.0,0.0,7,0,1.0,0.0,7,7,1.0
1127113,26,8.423076923076923,8.0,1.4470128381759972,11,3,0.4230769230769231,0.11538461538461539,26,8.807692307692308,9.0,1.2335065713397975,16,2,0.6153846153846154,0.07692307692307693,26,26,1.0
1127676,10,8.7,9.5,1.5670212364724205,6,1,0.6,0.1,10,9.9,10.0,0.3162277660168379,10,0,1.0,0.0,10,8,0.8
1128030,17,8.882352941176471,10.0,2.0881317289977317,13,2,0.7647058823529411,0.11764705882352941,17,9.0,10.0,2.0615528128088307,13,2,0.7647058823529411,0.11764705882352941,17,17,1.0
1128096,25,9.28,10.0,1.3076696830622028,18,1,0.72,0.04,25,9.64,10.0,0.8602325267042626,21,0,0.84,0.0,25,23,0.92
1128169,47,7.914893617021277,8.0,2.385005580469659,23,10,0.48936170212765956,0.2127659574468085,47,9.212765957446809,10.0,1.4881586260231852,39,3,0.8297872340425532,0.06382978723404255,47,43,0.9148936170212766
1128360,13,8.76923076923077,9.0,1.3634420996046588,7,1,0.5384615384615384,0.07692307692307693,13,9.23076923076923,10.0,1.3634420996046581,10,1,0.7692307692307693,0.07692307692307693,13,13,1.0
1128375,6,9.666666666666666,10.0,0.816496580927726,5,0,0.8333333333333334,0.0,6,10.0,10.0,0.0,6,0,1.0,0.0,6,6,1.0
1128378,11,8.909090909090908,9.0,1.513574937328539,8,1,0.7272727272727273,0.09090909090909091,11,9.454545454545455,10.0,0.8201995322647243,9,0,0.8181818181818182,0.0,11,11,1.0
1128936,12,8.25,9.0,2.137330535547045,6,2,0.5,0.16666666666666666,12,8.333333333333334,9.5,2.7413776673693677,8,2,0.6666666666666666,0.16666666666666666,12,11,0.9166666666666666
1128938,12,9.666666666666666,10.0,0.7784989441615237,10,0,0.8333333333333334,0.0,12,10.0,10.0,0.0,12,0,1.0,0.0,12,12,1.0
1129073,11,9.727272727272727,10.0,0.6466697906828633,10,0,0.9090909090909091,0.0,11,9.909090909090908,10.0,0.3015113445777635,11,0,1.0,0.0,11,11,1.0
1131697,26,8.038461538461538,8.0,2.473552412717696,12,5,0.46153846153846156,0.19230769230769232,26,9.307692307692308,10.0,1.1922828781536967,20,1,0.7692307692307693,0.038461538461538464,26,22,0.8461538461538461
1135958,3,9.333333333333334,10.0,1.1547005383792515,2,0,0.6666666666666666,0.0,3,9.0,9.0,1.0,2,0,0.6666666666666666,0.0,3,3,1.0
1137846,22,8.227272727272727,9.0,2.245245096003005,14,4,0.6363636363636364,0.18181818181818182,22,8.818181818181818,9.5,1.8679340162804172,17,3,0.7727272727272727,0.13636363636363635,22,20,0.9090909090909091
1139335,4,9.75,10.0,0.5000000000000001,4,0,1.0,0.0,4,9.75,10.0,0.5000000000000001,4,0,1.0,0.0,4,4,1.0
1140021,18,8.833333333333334,9.5,1.465284553774253,11,1,0.6111111111111112,0.05555555555555555,18,9.166666666666666,10.0,1.3826657968874303,14,1,0.7777777777777778,0.05555555555555555,18,16,0.8888888888888888
1142320,10,8.4,9.0,1.577621275493231,6,2,0.6,0.2,10,9.7,10.0,0.674948557710553,9,0,0.9,0.0,10,8,0.8
1151457,6,8.666666666666666,9.5,1.9663841605003503,4,1,0.6666666666666666,0.16666666666666666,6,8.833333333333334,10.0,2.041241452319315,4,1,0.6666666666666666,0.16666666666666666,6,6,1.0
1152312,4,9.25,9.5,0.9574271077563381,3,0,0.75,0.0,4,10.0,10.0,0.0,4,0,1.0,0.0,4,4,1.0
1152591,7,8.0,10.0,2.581988897471611,4,3,0.5714285714285714,0.42857142857142855,7,8.428571428571429,10.0,2.439750182371333,5,2,0.7142857142857143,0.2857142857142857,7,6,0.8571428571428571
1152637,15,8.533333333333333,9.0,2.416215064536938,11,2,0.7333333333333333,0.13333333333333333,15,9.0,10.0,1.7728105208558367,12,3,0.8,0.2,15,14,0.9333333333333333
1152880,26,8.807692307692308,10.0,1.6737796932507165,17,3,0.6538461538461539,0.11538461538461539,26,9.23076923076923,10.0,1.3655092034165808,21,2,0.8076923076923077,0.07692307692307693,26,25,0.9615384615384616
1153801,33,8.424242424242424,9.0,2.1941727232362402,18,4,0.5454545454545454,0.12121212121212122,33,8.727272727272727,10.0,2.1545406597568437,21,3,0.6363636363636364,0.09090909090909091,33,29,0.8787878787878788
1154825,18,8.666666666666666,10.0,1.878672873255449,11,2,0.6111111111111112,0.1111111111111111,18,9.11111111111111,10.0,1.4907119849998605,13,1,0.7222222222222222,0.05555555555555555,18,18,1.0
1155366,16,8.75,10.0,2.3523038352503134,12,2,0.75,0.125,16,9.0625,10.0,1.5692354826475214,12,1,0.75,0.0625,16,14,0.875
1156565,4,10.0,10.0,0.0,4,0,1.0,0.0,4,9.5,9.5,0.5773502691896255,4,0,1.0,0.0,4,4,1.0
1156623,7,9.428571428571429,10.0,0.7867957924694436,6,0,0.8571428571428571,0.0,7,8.714285714285714,9.0,1.4960264830861916,4,1,0.5714285714285714,0.14285714285714285,7,7,1.0
1160182,7,9.428571428571429,10.0,0.7867957924694436,6,0,0.8571428571428571,0.0,7,9.571428571428571,10.0,0.7867957924694431,6,0,0.8571428571428571,0.0,7,7,1.0
1160371,29,8.10344827586207,9.0,1.9520104578577973,16,8,0.5517241379310345,0.27586206896551724,29,8.03448275862069,8.0,1.9361736680645159,13,6,0.4482758620689655,0.20689655172413793,29,28,0.9655172413793104
1160424,5,9.8,10.0,0.44721359549995804,5,0,1.0,0.0,5,9.8,10.0,0.44721359549995804,5,0,1.0,0.0,5,4,0.8
1160481,5,9.8,10.0,0.44721359549995804,5,0,1.0,0.0,5,7.4,8.0,3.714835124201342,2,1,0.4,0.2,5,5,1.0
1160830,323,8.06811145510836,9.0,2.375144028315135,173,59,0.5356037151702786,0.1826625386996904,323,7.461300309597523,8.0,2.726831400007751,149,93,0.4613003095975232,0.28792569659442724,323,298,0.9226006191950464
1160979,21,8.285714285714286,9.0,1.8746428231227712,13,5,0.6190476190476191,0.23809523809523808,21,8.666666666666666,9.0,1.7126976771553504,13,3,0.6190476190476191,0.14285714285714285,21,20,0.9523809523809523
1161404,28,8.25,8.0,1.647107453374844,13,2,0.4642857142857143,0.07142857142857142,28,9.071428571428571,9.5,1.0862293403762304,18,1,0.6428571428571429,0.03571428571428571,28,28,1.0
1166758,18,8.166666666666666,9.0,2.0651164331225833,11,3,0.6111111111111112,0.16666666666666666,18,8.777777777777779,10.0,1.8647048514460776,12,1,0.6666666666666666,0.05555555555555555,18,16,0.8888888888888888
1168573,9,9.88888888888889,10.0,0.33333333333333326,9,0,1.0,0.0,9,9.777777777777779,10.0,0.44095855184409843,9,0,1.0,0.0,9,9,1.0
1172590,114,8.631578947368421,10.0,2.044908020497798,75,16,0.6578947368421053,0.14035087719298245,114,8.456140350877194,10.0,2.26219546770601,71,20,0.6228070175438597,0.17543859649122806,114,107,0.9385964912280702
1179877,33,8.181818181818182,9.0,2.068431553353673,18,7,0.5454545454545454,0.21212121212121213,33,8.06060606060606,8.0,2.075743751336403,16,4,0.48484848484848486,0.12121212121212122,33,31,0.9393939393939394
1181042,20,9.4,10.0,1.0954451150103326,18,1,0.9,0.05,20,9.65,10.0,0.9880869341680847,18,1,0.9,0.05,20,18,0.9
1182640,18,8.555555555555555,9.5,1.688097509806344,10,2,0.5555555555555556,0.1111111111111111,18,8.777777777777779,10.0,2.211083193570267,14,2,0.7777777777777778,0.1111111111111111,18,14,0.7777777777777778
1182765,13,8.923076923076923,9.0,1.187542171990709,10,0,0.7692307692307693,0.0,13,8.615384615384615,9.0,1.6092680291808417,8,2,0.6153846153846154,0.15384615384615385,13,12,0.9230769230769231
1184450,25,8.36,9.0,2.4303634844744244,17,5,0.68,0.2,25,9.4,10.0,1.118033988749895,20,1,0.8,0.04,25,25,1.0
1185309,5,7.4,9.0,3.7815340802378077,3,1,0.6,0.2,5,7.6,10.0,3.9115214431215892,3,1,0.6,0.2,5,5,1.0
1185450,0,,,,0,0,nan,nan,0,,,,0,0,nan,nan,0,0,
1188419,12,8.333333333333334,8.0,1.0730867399773196,5,0,0.4166666666666667,0.0,12,7.416666666666667,8.0,2.0207259421636907,4,3,0.3333333333333333,0.25,12,12,1.0
1190159,949,8.697576396206534,10.0,1.750287627270576,591,89,0.6227608008429927,0.09378292939936776,949,8.326659641728135,9.0,2.1789013971703737,544,151,0.5732349841938883,0.15911485774499473,949,881,0.928345626975764
1193885,6,8.333333333333334,10.0,3.204163957519444,4,1,0.6666666666666666,0.16666666666666666,6,8.166666666666666,10.0,3.250640962435973,4,1,0.6666666666666666,0.16666666666666666,6,6,1.0
1202856,40,8.75,9.5,1.6908501882113507,25,4,0.625,0.1,40,8.7,10.0,2.0153258946231154,28,6,0.7,0.15,40,36,0.9
1203136,27,8.11111111111111,8.0,2.0064000163579108,13,6,0.48148148148148145,0.2222222222222222,27,8.037037037037036,8.0,2.192320187898612,13,6,0.48148148148148145,0.2222222222222222,27,25,0.9259259259259259
1205924,21,8.857142857142858,10.0,1.9820624179302304,14,2,0.6666666666666666,0.09523809523809523,21,9.0,10.0,1.9493588689617924,15,2,0.7142857142857143,0.09523809523809523,21,18,0.8571428571428571
1214485,7,8.571428571428571,10.0,1.9880595947760098,4,1,0.5714285714285714,0.14285714285714285,7,9.428571428571429,10.0,1.5118578920369092,6,1,0.8571428571428571,0.14285714285714285,7,7,1.0
1258370,4,9.0,10.0,2.0,3,1,0.75,0.25,4,9.5,10.0,0.9999999999999998,3,0,0.75,0.0,4,4,1.0
1260434,11,9.090909090909092,9.0,0.7006490497453706,9,0,0.8181818181818182,0.0,11,9.090909090909092,10.0,1.1361818036340356,7,0,0.6363636363636364,0.0,11,11,1.0
1264321,6,9.0,9.0,1.0954451150103321,3,0,0.5,0.0,6,10.0,10.0,0.0,6,0,1.0,0.0,6,6,1.0
1264336,6,6.5,7.0,3.0166206257996713,2,2,0.3333333333333333,0.3333333333333333,6,7.0,6.5,2.5298221281347035,2,3,0.3333333333333333,0.5,6,6,1.0
1266766,50,7.8,8.0,2.1476137683389873,20,11,0.4,0.22,50,7.8,8.0,2.303502213799585,21,12,0.42,0.24,50,42,0.84
1268237,0,,,,0,0,nan,nan,0,,,,0,0,nan,nan,0,0,
1270326,3,10.0,10.0,0.0,3,0,1.0,0.0,3,10.0,10.0,0.0,3,0,1.0,0.0,3,3,1.0
1270371,12,8.833333333333334,10.0,1.8989630344113089,9,2,0.75,0.16666666666666666,12,9.083333333333334,9.5,1.0836246694508316,8,0,0.6666666666666666,0.0,12,11,0.9166666666666666
1284904,5,10.0,10.0,0.0,5,0,1.0,0.0,5,10.0,10.0,0.0,5,0,1.0,0.0,5,5,1.0
1285866,387,8.090439276485789,8.0,2.0823926462031936,177,66,0.4573643410852713,0.17054263565891473,387,7.9328165374677,8.0,2.3842386331985908,182,74,0.4702842377260982,0.19121447028423771,387,357,0.9224806201550387
1292570,587,8.361158432708688,9.0,2.1423068219152994,345,93,0.5877342419080068,0.15843270868824533,587,8.287904599659285,9.0,2.365979049907963,355,102,0.6047700170357752,0.1737649063032368,587,527,0.8977853492333902
1292767,11,8.545454545454545,9.0,1.5075567228888183,7,1,0.6363636363636364,0.09090909090909091,11,8.636363636363637,9.0,1.4333685689819815,7,1,0.6363636363636364,0.09090909090909091,11,11,1.0
1292902,11,9.181818181818182,10.0,1.2504544628399565,8,0,0.7272727272727273,0.0,11,9.636363636363637,10.0,0.8090398349558913,9,0,0.8181818181818182,0.0,11,10,0.9090909090909091
1296649,94,8.563829787234043,9.0,1.7324140074753278,54,12,0.574468085106383,0.1276595744680851,94,8.574468085106384,10.0,1.903530176639995,56,12,0.5957446808510638,0.1276595744680851,94,83,0.8829787234042553
1298841,10,8.4,9.5,2.4585451886114367,7,2,0.7,0.2,10,8.3,8.5,1.7669811040931431,5,1,0.5,0.1,10,10,1.0
1300008,56,8.428571428571429,9.0,2.1477865380402714,31,4,0.5535714285714286,0.07142857142857142,56,8.232142857142858,9.0,2.536934954041779,34,8,0.6071428571428571,0.14285714285714285,56,54,0.9642857142857143
1300375,28,8.214285714285714,8.0,1.771317627520863,12,5,0.42857142857142855,0.17857142857142858,28,9.071428571428571,10.0,1.438326481986294,20,3,0.7142857142857143,0.10714285714285714,28,28,1.0
1304557,16,7.625,8.0,2.305789814069501,6,5,0.375,0.3125,16,10.0,10.0,0.0,16,0,1.0,0.0,16,16,1.0
1312211,8,7.125,8.0,2.900123150094542,3,3,0.375,0.375,8,9.75,10.0,0.7071067811865476,7,0,0.875,0.0,8,8,1.0
1313067,26,8.76923076923077,9.5,1.5571176527852304,16,1,0.6153846153846154,0.038461538461538464,26,9.0,10.0,1.6492422502470645,19,2,0.7307692307692307,0.07692307692307693,26,21,0.8076923076923077
1313355,10,8.3,9.0,1.8885620632287061,6,1,0.6,0.1,10,8.6,9.0,1.8973665961010275,7,1,0.7,0.1,10,9,0.9
1313360,10,8.0,9.0,1.9436506316151005,6,2,0.6,0.2,10,8.9,9.5,1.66332999331662,8,1,0.8,0.1,10,10,1.0
1315060,1007,8.665342601787488,9.0,1.9053707853915078,652,112,0.64746772591857,0.1112214498510427,1007,8.770605759682224,10.0,1.89432812789909,695,104,0.6901688182720953,0.10327706057596822,1007,906,0.8997020854021847
1321332,18,9.0,10.0,1.4950900031928043,12,1,0.6666666666666666,0.05555555555555555,18,9.444444444444445,10.0,1.0416176459053665,15,0,0.8333333333333334,0.0,18,18,1.0
1321334,3,8.333333333333334,10.0,2.8867513459481287,2,1,0.6666666666666666,0.3333333333333333,3,8.333333333333334,10.0,2.8867513459481287,2,1,0.6666666666666666,0.3333333333333333,3,1,0.3333333333333333
1321678,4,9.75,10.0,0.5000000000000001,4,0,1.0,0.0,4,8.5,9.0,1.7320508075688772,3,1,0.75,0.25,4,4,1.0
1327336,11,7.454545454545454,9.0,3.2051095570553074,6,2,0.5454545454545454,0.18181818181818182,11,8.0,10.0,3.2557641192199416,7,2,0.6363636363636364,0.18181818181818182,11,11,1.0
1327524,12,7.166666666666667,8.0,2.5524794837866014,5,4,0.4166666666666667,0.3333333333333333,12,8.25,9.0,2.490892501603683,6,2,0.5,0.16666666666666666,12,11,0.9166666666666666
1330050,75,7.933333333333334,8.0,2.478738417853756,36,14,0.48,0.18666666666666668,75,7.466666666666667,8.0,2.727900555636413,35,24,0.4666666666666667,0.32,75,71,0.9466666666666667
1330203,0,,,,0,0,nan,nan,0,,,,0,0,nan,nan,0,0,
1330366,2,8.5,8.5,0.7071067811865476,1,0,0.5,0.0,2,9.0,9.0,0.0,2,0,1.0,0.0,2,2,1.0
1330369,3,8.0,10.0,3.4641016151377544,2,1,0.6666666666666666,0.3333333333333333,3,10.0,10.0,0.0,3,0,1.0,0.0,3,2,0.6666666666666666
1330372,3,9.333333333333334,10.0,1.1547005383792515,2,0,0.6666666666666666,0.0,3,9.333333333333334,10.0,1.1547005383792515,2,0,0.6666666666666666,0.0,3,3,1.0
1330384,17,8.352941176470589,9.0,1.868862503991005,9,4,0.5294117647058824,0.23529411764705882,17,8.764705882352942,9.0,1.3932610920384718,11,2,0.6470588235294118,0.11764705882352941,17,17,1.0
1331356,14,9.285714285714286,10.0,1.4373357526806552,11,1,0.7857142857142857,0.07142857142857142,14,9.0,10.0,1.4675987714106857,10,2,0.7142857142857143,0.14285714285714285,14,13,0.9285714285714286
1332695,18,8.333333333333334,9.0,1.7149858514250886,10,3,0.5555555555555556,0.16666666666666666,18,9.0,9.0,1.1881770515720096,13,1,0.7222222222222222,0.05555555555555555,18,17,0.9444444444444444
1333201,17,8.705882352941176,10.0,2.2848606599296417,12,2,0.7058823529411765,0.11764705882352941,17,8.588235294117647,10.0,2.152290161938318,11,2,0.6470588235294118,0.11764705882352941,17,16,0.9411764705882353
1338287,3,8.333333333333334,8.0,0.5773502691896255,1,0,0.3333333333333333,0.0,3,8.666666666666666,9.0,0.5773502691896258,2,0,0.6666666666666666,0.0,3,3,1.0
1340989,16,7.875,9.0,3.0304015135511886,11,4,0.6875,0.25,16,8.4375,9.5,2.308498790700716,11,4,0.6875,0.25,16,15,0.9375
1341230,12,8.416666666666666,8.5,1.5642792899510296,6,1,0.5,0.08333333333333333,12,8.25,9.0,2.2207697273283826,8,2,0.6666666666666666,0.16666666666666666,12,10,0.8333333333333334
1341347,13,9.384615384615385,10.0,0.9607689228305228,11,0,0.8461538461538461,0.0,13,9.615384615384615,10.0,0.7679476477883046,11,0,0.8461538461538461,0.0,13,10,0.7692307692307693
1349112,12,9.0,10.0,2.0,10,1,0.8333333333333334,0.08333333333333333,12,9.083333333333334,10.0,1.378954368902449,9,1,0.75,0.08333333333333333,12,11,0.9166666666666666
1350689,7,9.285714285714286,10.0,1.4960264830861911,6,1,0.8571428571428571,0.14285714285714285,7,8.857142857142858,10.0,2.6095064302514777,6,1,0.8571428571428571,0.14285714285714285,7,7,1.0
1366967,17,9.705882352941176,10.0,0.7717436331412897,16,0,0.9411764705882353,0.0,17,9.882352941176471,10.0,0.33210558207753565,17,0,1.0,0.0,17,17,1.0
1375344,26,8.73076923076923,9.0,1.4847947281073524,17,3,0.6538461538461539,0.11538461538461539,26,9.038461538461538,10.0,1.2483835702465569,18,1,0.6923076923076923,0.038461538461538464,26,23,0.8846153846153846
1379285,64,8.328125,9.0,2.350647918111224,38,10,0.59375,0.15625,64,7.15625,8.0,2.9234614730019937,26,19,0.40625,0.296875,64,55,0.859375
1382647,9,9.222222222222221,10.0,0.9718253158075507,6,0,0.6666666666666666,0.0,9,9.555555555555555,10.0,1.0137937550497038,8,0,0.8888888888888888,0.0,9,9,1.0
1382815,4,8.75,8.5,0.9574271077563379,2,0,0.5,0.0,4,8.5,8.5,1.2909944487358056,2,0,0.5,0.0,4,2,0.5
1385337,0,,,,0,0,nan,nan,0,,,,0,0,nan,nan,0,0,
1387235,8,8.25,9.0,2.1213203435596424,5,2,0.625,0.25,8,8.625,9.5,1.8468119248354136,5,1,0.625,0.125,8,7,0.875
1396228,18,9.88888888888889,10.0,0.3233808333817772,18,0,1.0,0.0,18,9.833333333333334,10.0,0.3834824944236852,18,0,1.0,0.0,18,17,0.9444444444444444
1399848,13,8.461538461538462,10.0,2.5038431998091992,9,3,0.6923076923076923,0.23076923076923078,13,8.76923076923077,10.0,2.1273554065179203,9,2,0.6923076923076923,0.15384615384615385,13,13,1.0
1401623,308,8.37987012987013,9.0,1.9325391263660068,166,43,0.538961038961039,0.1396103896103896,308,8.529220779220779,9.0,1.9594729506317168,188,40,0.6103896103896104,0.12987012987012986,308,243,0.788961038961039
1405215,25,9.0,10.0,1.554563175514803,18,2,0.72,0.08,25,9.32,10.0,1.4922019523732934,21,2,0.84,0.08,25,24,0.96
1406007,3,8.666666666666666,8.0,1.1547005383792517,1,0,0.3333333333333333,0.0,3,9.0,9.0,1.0,2,0,0.6666666666666666,0.0,3,3,1.0
1406064,0,,,,0,0,nan,nan,0,,,,0,0,nan,nan,0,0,
1407205,0,,,,0,0,nan,nan,0,,,,0,0,nan,nan,0,0,
1414995,9,8.0,9.0,3.0,6,2,0.6666666666666666,0.2222222222222222,9,8.11111111111111,9.0,2.9344694769431685,6,1,0.6666666666666666,0.1111111111111111,9,9,1.0
1416142,9,8.0,10.0,3.3166247903554,5,2,0.5555555555555556,0.2222222222222222,9,8.11111111111111,10.0,3.05959329178097,6,2,0.6666666666666666,0.2222222222222222,9,8,0.8888888888888888
1419680,14,9.785714285714286,10.0,0.5789342235218394,13,0,0.9285714285714286,0.0,14,9.857142857142858,10.0,0.5345224838248488,13,0,0.9285714285714286,0.0,14,14,1.0
1419827,8,8.375,9.0,2.1339098923270936,4,1,0.5,0.125,8,8.5,9.5,2.390457218668787,5,1,0.625,0.125,8,7,0.875
1420449,4,9.5,10.0,0.9999999999999998,3,0,0.75,0.0,4,9.5,10.0,0.9999999999999998,3,0,0.75,0.0,4,4,1.0
1420637,16,8.875,9.5,1.4548768561863465,11,2,0.6875,0.125,16,9.125,10.0,1.4083086782851741,12,2,0.75,0.125,16,14,0.875
1439555,30,9.033333333333333,10.0,1.3767361035618164,21,2,0.7,0.06666666666666667,30,8.733333333333333,9.0,1.574217557880813,18,2,0.6,0.06666666666666667,30,29,0.9666666666666667
1441230,12,9.666666666666666,10.0,0.6513389472789305,11,0,0.9166666666666666,0.0,12,8.833333333333334,10.0,2.3677121037112188,9,1,0.75,0.08333333333333333,12,12,1.0
1442119,23,8.521739130434783,9.0,1.3774008863003642,13,1,0.5652173913043478,0.043478260869565216,23,8.91304347826087,9.0,0.9960395884000187,15,0,0.6521739130434783,0.0,23,23,1.0
1442126,3,10.0,10.0,0.0,3,0,1.0,0.0,3,10.0,10.0,0.0,3,0,1.0,0.0,3,2,0.6666666666666666
1442906,22,9.409090909090908,10.0,0.7341396590302418,19,0,0.8636363636363636,0.0,22,9.818181818181818,10.0,0.5010810823432189,21,0,0.9545454545454546,0.0,22,22,1.0
1442928,5,6.8,8.0,3.63318042491699,2,2,0.4,0.4,5,5.8,5.0,4.024922359499621,2,3,0.4,0.6,5,4,0.8
1445889,3,10.0,10.0,0.0,3,0,1.0,0.0,3,10.0,10.0,0.0,3,0,1.0,0.0,3,3,1.0
1451120,53,9.39622641509434,10.0,1.198390308858407,45,2,0.8490566037735849,0.03773584905660377,53,9.39622641509434,10.0,1.1822342381711881,44,2,0.8301886792452831,0.03773584905660377,53,51,0.9622641509433962
1452609,7,10.0,10.0,0.0,7,0,1.0,0.0,7,10.0,10.0,0.0,7,0,1.0,0.0,7,7,1.0
1453816,9,8.777777777777779,10.0,1.986062547968831,6,2,0.6666666666666666,0.2222222222222222,9,9.444444444444445,10.0,1.130388330520878,7,0,0.7777777777777778,0.0,9,8,0.8888888888888888
1454028,0,,,,0,0,nan,nan,0,,,,0,0,nan,nan,0,0,
1454137,1,7.0,7.0,,0,0,0.0,0.0,1,7.0,7.0,,0,0,0.0,0.0,1,1,1.0
1457027,10,9.5,10.0,0.8498365855987975,8,0,0.8,0.0,10,9.8,10.0,0.6324555320336759,9,0,0.9,0.0,10,9,0.9
1457037,3,9.0,10.0,1.7320508075688772,2,0,0.6666666666666666,0.0,3,7.0,9.0,4.358898943540674,2,1,0.6666666666666666,0.3333333333333333,3,3,1.0
1457167,22,8.272727272727273,10.0,2.711208097997892,14,5,0.6363636363636364,0.22727272727272727,22,9.636363636363637,10.0,0.7267314002700922,19,0,0.8636363636363636,0.0,22,21,0.9545454545454546
1457267,3,10.0,10.0,0.0,3,0,1.0,0.0,3,10.0,10.0,0.0,3,0,1.0,0.0,3,3,1.0
1458143,3,10.0,10.0,0.0,3,0,1.0,0.0,3,10.0,10.0,0.0,3,0,1.0,0.0,3,3,1.0
1458481,4,9.0,9.5,1.4142135623730951,3,0,0.75,0.0,4,9.0,9.5,1.4142135623730951,3,0,0.75,0.0,4,4,1.0
1458668,9,8.222222222222221,9.0,2.279132388529557,5,2,0.5555555555555556,0.2222222222222222,9,8.0,9.0,2.1213203435596424,5,3,0.5555555555555556,0.3333333333333333,9,7,0.7777777777777778
1465529,8,8.125,8.0,1.5526475085202969,3,2,0.375,0.25,8,7.125,7.0,1.8850918886280925,2,4,0.25,0.5,8,7,0.875
1467890,2,10.0,10.0,0.0,2,0,1.0,0.0,2,10.0,10.0,0.0,2,0,1.0,0.0,2,2,1.0
1468161,4,10.0,10.0,0.0,4,0,1.0,0.0,4,10.0,10.0,0.0,4,0,1.0,0.0,4,4,1.0
1472818,12,9.333333333333334,10.0,1.4354811251305468,11,1,0.9166666666666666,0.08333333333333333,12,9.416666666666666,10.0,1.4433756729740648,11,1,0.9166666666666666,0.08333333333333333,12,12,1.0
1473015,9,9.88888888888889,10.0,0.33333333333333326,9,0,1.0,0.0,9,10.0,10.0,0.0,9,0,1.0,0.0,9,9,1.0
1473185,0,,,,0,0,nan,nan,0,,,,0,0,nan,nan,0,0,
1477654,29,9.344827586206897,10.0,1.1425492196014235,24,2,0.8275862068965517,0.06896551724137931,29,9.689655172413794,10.0,0.6602731185903334,26,0,0.896551724137931,0.0,29,29,1.0
1483407,9,8.444444444444445,8.0,1.3333333333333333,4,0,0.4444444444444444,0.0,9,8.444444444444445,9.0,1.509230856356236,5,1,0.5555555555555556,0.1111111111111111,9,7,0.7777777777777778
1483490,13,6.846153846153846,7.0,2.6722697545393204,3,3,0.23076923076923078,0.23076923076923078,13,5.615384615384615,7.0,3.014920163079545,1,6,0.07692307692307693,0.46153846153846156,13,11,0.8461538461538461
1483500,11,8.363636363636363,9.0,2.157439559882375,6,1,0.5454545454545454,0.09090909090909091,11,9.090909090909092,10.0,1.3751033019046572,8,0,0.7272727272727273,0.0,11,8,0.7272727272727273
1483518,1,8.0,8.0,,0,0,0.0,0.0,1,8.0,8.0,,0,0,0.0,0.0,1,1,1.0
1485453,0,,,,0,0,nan,nan,0,,,,0,0,nan,nan,0,0,
1486952,14,9.714285714285714,10.0,0.6112498455021275,13,0,0.9285714285714286,0.0,14,9.642857142857142,10.0,0.928782731664065,12,0,0.8571428571428571,0.0,14,14,1.0
1487060,11,7.363636363636363,8.0,3.1071764440638794,4,3,0.36363636363636365,0.2727272727272727,11,8.181818181818182,8.0,1.9400093720485898,5,2,0.45454545454545453,0.18181818181818182,11,8,0.7272727272727273
1487353,5,7.2,7.0,1.4832396974191326,1,1,0.2,0.2,5,7.4,8.0,1.51657508881031,1,1,0.2,0.2,5,5,1.0
1488240,6,8.833333333333334,9.5,1.9407902170679516,5,1,0.8333333333333334,0.16666666666666666,6,10.0,10.0,0.0,6,0,1.0,0.0,6,5,0.8333333333333334
1488974,14,8.285714285714286,8.5,1.8985245861972937,7,3,0.5,0.21428571428571427,14,7.857142857142857,8.5,2.3487195482823227,7,4,0.5,0.2857142857142857,14,13,0.9285714285714286
1497052,2,8.5,8.5,2.1213203435596424,1,0,0.5,0.0,2,8.5,8.5,2.1213203435596424,1,0,0.5,0.0,2,2,1.0
1499549,7,9.857142857142858,10.0,0.3779644730092272,7,0,1.0,0.0,7,9.857142857142858,10.0,0.3779644730092272,7,0,1.0,0.0,7,5,0.7142857142857143
1506116,14,9.142857142857142,9.0,1.0994504121565518,12,1,0.8571428571428571,0.07142857142857142,14,9.285714285714286,10.0,0.9944903161976937,11,0,0.7857142857142857,0.0,14,14,1.0
1509485,3,6.666666666666667,8.0,3.214550253664318,1,1,0.3333333333333333,0.3333333333333333,3,5.333333333333333,6.0,2.081665999466133,0,2,0.0,0.6666666666666666,3,3,1.0
1514192,0,,,,0,0,nan,nan,0,,,,0,0,nan,nan,0,0,
1515609,19,8.947368421052632,10.0,1.5082618476808296,12,2,0.631578947368421,0.10526315789473684,19,9.368421052631579,10.0,1.1647854507156374,16,1,0.8421052631578947,0.05263157894736842,19,18,0.9473684210526315
1515616,17,8.705882352941176,9.0,1.6868871436151618,10,2,0.5882352941176471,0.11764705882352941,17,9.411764705882353,10.0,0.8702602720890285,15,0,0.8823529411764706,0.0,17,17,1.0
1515618,9,9.222222222222221,10.0,1.301708279317776,7,0,0.7777777777777778,0.0,9,9.222222222222221,10.0,1.2018504251546636,6,0,0.6666666666666666,0.0,9,9,1.0
1516669,0,,,,0,0,nan,nan,0,,,,0,0,nan,nan,0,0,
1517196,6,8.5,10.0,2.8106938645110393,4,1,0.6666666666666666,0.16666666666666666,6,9.5,10.0,0.8366600265340756,5,0,0.8333333333333334,0.0,6,6,1.0
1517293,42,8.0,9.0,2.731925078428459,22,10,0.5238095238095238,0.23809523809523808,42,7.738095238095238,8.5,2.7235156960821865,21,11,0.5,0.2619047619047619,42,38,0.9047619047619048
1518083,5,9.6,10.0,0.8944271909999157,4,0,0.8,0.0,5,10.0,10.0,0.0,5,0,1.0,0.0,5,5,1.0
1519071,4,8.75,9.0,1.4999999999999998,2,0,0.5,0.0,4,8.75,9.0,1.4999999999999998,2,0,0.5,0.0,4,3,0.75
1520538,0,,,,0,0,nan,nan,0,,,,0,0,nan,nan,0,0,
1522008,12,8.75,9.5,1.6025547785276542,7,1,0.5833333333333334,0.08333333333333333,12,9.083333333333334,10.0,1.5050420310248864,9,1,0.75,0.08333333333333333,12,11,0.9166666666666666
1525884,7,9.0,10.0,1.527525231651947,5,1,0.7142857142857143,0.14285714285714285,7,9.142857142857142,10.0,1.4638501094227998,6,1,0.8571428571428571,0.14285714285714285,7,7,1.0
1525963,0,,,,0,0,nan,nan,0,,,,0,0,nan,nan,0,0,
1527381,8,10.0,10.0,0.0,8,0,1.0,0.0,8,10.0,10.0,0.0,8,0,1.0,0.0,8,8,1.0
1536334,115,8.852173913043478,10.0,1.6923122262878454,76,12,0.6608695652173913,0.10434782608695652,115,8.930434782608696,10.0,1.604389478518091,82,10,0.7130434782608696,0.08695652173913043,115,110,0.9565217391304348
1541484,12,8.833333333333334,10.0,1.6422453217986943,7,1,0.5833333333333334,0.08333333333333333,12,8.166666666666666,9.0,2.2896340848319503,6,3,0.5,0.25,12,12,1.0
1543037,1,10.0,10.0,,1,0,1.0,0.0,1,10.0,10.0,,1,0,1.0,0.0,1,1,1.0
1546260,2,8.5,8.5,2.1213203435596424,1,0,0.5,0.0,2,8.5,8.5,2.1213203435596424,1,0,0.5,0.0,2,1,0.5
1546969,2,9.0,9.0,1.4142135623730951,1,0,0.5,0.0,2,9.0,9.0,1.4142135623730951,1,0,0.5,0.0,2,2,1.0
1547032,0,,,,0,0,nan,nan,0,,,,0,0,nan,nan,0,0,
1547054,0,,,,0,0,nan,nan,0,,,,0,0,nan,nan,0,0,
1550087,281,8.793594306049823,10.0,1.772839197597711,186,26,0.6619217081850534,0.09252669039145907,281,8.84341637010676,10.0,1.7779505861331077,195,24,0.693950177935943,0.08540925266903915,281,254,0.9039145907473309
1550199,3,8.333333333333334,8.0,1.5275252316519465,1,0,0.3333333333333333,0.0,3,8.333333333333334,8.0,1.5275252316519465,1,0,0.3333333333333333,0.0,3,3,1.0
1550498,5,9.4,10.0,0.8944271909999159,4,0,0.8,0.0,5,9.2,10.0,1.30384048104053,4,0,0.8,0.0,5,5,1.0
1550509,5,8.8,10.0,2.16794833886788,4,1,0.8,0.2,5,10.0,10.0,0.0,5,0,1.0,0.0,5,5,1.0
1551083,2,9.0,9.0,1.4142135623730951,1,0,0.5,0.0,2,8.5,8.5,0.7071067811865476,1,0,0.5,0.0,2,2,1.0
1555830,26,8.923076923076923,9.0,1.2937720641002233,18,2,0.6923076923076923,0.07692307692307693,26,9.26923076923077,10.0,1.0791734729020093,21,1,0.8076923076923077,0.038461538461538464,26,25,0.9615384615384616
1562928,8,9.875,10.0,0.35355339059327373,8,0,1.0,0.0,8,10.0,10.0,0.0,8,0,1.0,0.0,8,8,1.0
1571245,6,9.0,10.0,2.449489742783178,5,1,0.8333333333333334,0.16666666666666666,6,8.666666666666666,10.0,2.422120283277993,4,1,0.6666666666666666,0.16666666666666666,6,5,0.8333333333333334
1572855,0,,,,0,0,nan,nan,0,,,,0,0,nan,nan,0,0,
1575689,13,8.23076923076923,9.0,1.5892265495016833,7,2,0.5384615384615384,0.15384615384615385,13,8.384615384615385,9.0,2.18091958962504,9,2,0.6923076923076923,0.15384615384615385,13,12,0.9230769230769231
1576008,8,8.25,9.5,2.7124053637210745,6,2,0.75,0.25,8,5.625,5.5,3.543101950067402,3,5,0.375,0.625,8,8,1.0
1576347,0,,,,0,0,nan,nan,0,,,,0,0,nan,nan,0,0,
1576448,3,8.0,8.0,2.0,1,1,0.3333333333333333,0.3333333333333333,3,8.333333333333334,8.0,0.5773502691896255,1,0,0.3333333333333333,0.0,3,3,1.0
1576702,0,,,,0,0,nan,nan,0,,,,0,0,nan,nan,0,0,
1577419,5,7.8,9.0,2.588435821108957,3,2,0.6,0.4,5,7.4,8.0,2.3021728866442674,2,2,0.4,0.4,5,3,0.6
1584375,0,,,,0,0,nan,nan,0,,,,0,0,nan,nan,0,0,
1591417,2,10.0,10.0,0.0,2,0,1.0,0.0,2,9.0,9.0,1.4142135623730951,1,0,0.5,0.0,2,2,1.0
1591581,1,7.0,7.0,,0,0,0.0,0.0,1,8.0,8.0,,0,0,0.0,0.0,1,1,1.0
1595470,0,,,,0,0,nan,nan,0,,,,0,0,nan,nan,0,0,
1595646,16,9.5,10.0,1.0327955589886446,14,0,0.875,0.0,16,9.625,10.0,0.7187952884282607,14,0,0.875,0.0,16,16,1.0
1595781,3,8.333333333333334,8.0,0.5773502691896255,1,0,0.3333333333333333,0.0,3,8.666666666666666,9.0,0.5773502691896258,2,0,0.6666666666666666,0.0,3,3,1.0
1596704,3,4.666666666666667,4.0,3.055050463303893,0,2,0.0,0.6666666666666666,3,7.0,7.0,3.0,1,1,0.3333333333333333,0.3333333333333333,3,2,0.6666666666666666
1597098,0,,,,0,0,nan,nan,0,,,,0,0,nan,nan,0,0,
1598572,5,9.2,10.0,1.788854381999832,4,1,0.8,0.2,5,9.6,10.0,0.8944271909999157,4,0,0.8,0.0,5,5,1.0
1598970,2,9.5,9.5,0.7071067811865476,2,0,1.0,0.0,2,9.5,9.5,0.7071067811865476,2,0,1.0,0.0,2,2,1.0
1599021,29,8.620689655172415,9.0,1.590458000151625,16,3,0.5517241379310345,0.10344827586206896,29,9.03448275862069,10.0,1.657941034206706,22,1,0.7586206896551724,0.034482758620689655,29,28,0.9655172413793104
1599390,0,,,,0,0,nan,nan,0,,,,0,0,nan,nan,0,0,
1611291,36,8.777777777777779,10.0,1.9436506316150999,25,5,0.6944444444444444,0.1388888888888889,36,9.11111111111111,10.0,1.3261712403495105,26,3,0.7222222222222222,0.08333333333333333,36,35,0.9722222222222222
1611292,10,9.4,10.0,1.0749676997731399,8,0,0.8,0.0,10,9.3,10.0,1.0593499054713809,8,0,0.8,0.0,10,10,1.0
1615079,5,8.6,10.0,3.1304951684997055,4,1,0.8,0.2,5,8.4,10.0,3.0495901363953815,4,1,0.8,0.2,5,2,0.4
1625069,28,9.357142857142858,10.0,1.1292175499576143,23,1,0.8214285714285714,0.03571428571428571,28,9.464285714285714,10.0,0.8380817098475262,22,0,0.7857142857142857,0.0,28,27,0.9642857142857143
1625081,13,9.76923076923077,10.0,0.5991446895152781,12,0,0.9230769230769231,0.0,13,9.923076923076923,10.0,0.27735009811261446,13,0,1.0,0.0,13,13,1.0
1625089,19,9.31578947368421,10.0,1.1572300058975782,14,1,0.7368421052631579,0.05263157894736842,19,9.894736842105264,10.0,0.4588314677411235,18,0,0.9473684210526315,0.0,19,18,0.9473684210526315
1625094,14,9.285714285714286,10.0,0.9944903161976937,11,0,0.7857142857142857,0.0,14,9.642857142857142,10.0,0.6333236937766512,13,0,0.9285714285714286,0.0,14,14,1.0
1634832,4,9.0,9.5,1.4142135623730951,3,0,0.75,0.0,4,9.0,9.5,1.4142135623730951,3,0,0.75,0.0,4,4,1.0
1634842,3,9.0,9.0,1.0,2,0,0.6666666666666666,0.0,3,8.666666666666666,9.0,0.5773502691896258,2,0,0.6666666666666666,0.0,3,3,1.0
1634877,0,,,,0,0,nan,nan,0,,,,0,0,nan,nan,0,0,
1634891,5,9.4,9.0,0.5477225575051661,5,0,1.0,0.0,5,9.2,9.0,0.8366600265340758,4,0,0.8,0.0,5,5,1.0
1668061,4,9.25,9.5,0.9574271077563381,3,0,0.75,0.0,4,8.75,9.5,1.892969448600091,3,1,0.75,0.25,4,3,0.75
1676716,15,9.266666666666667,10.0,1.5796322658258455,13,1,0.8666666666666667,0.06666666666666667,15,9.866666666666667,10.0,0.3518657752744983,15,0,1.0,0.0,15,13,0.8666666666666667
5000138,9,8.555555555555555,10.0,1.8104634152000354,5,2,0.5555555555555556,0.2222222222222222,9,9.222222222222221,10.0,1.5634719199411438,7,1,0.7777777777777778,0.1111111111111111,9,9,1.0
5000487,12,7.75,8.5,3.1079078025403053,6,2,0.5,0.16666666666666666,12,7.5,8.0,2.393172105652397,4,2,0.3333333333333333,0.16666666666666666,12,12,1.0
5000493,10,8.2,8.0,1.1352924243950935,4,1,0.4,0.1,10,8.1,8.5,1.523883926754995,5,2,0.5,0.2,10,10,1.0
5000912,4,10.0,10.0,0.0,4,0,1.0,0.0,4,10.0,10.0,0.0,4,0,1.0,0.0,4,4,1.0
5001337,30,8.7,10.0,1.9324809853193095,20,4,0.6666666666666666,0.13333333333333333,30,8.633333333333333,10.0,2.2203344472108846,20,4,0.6666666666666666,0.13333333333333333,30,28,0.9333333333333333
