CO_CURSO,primeira_geracaon_valido,primeira_geracaon_positivo,primeira_geracao_pct,mae_superiorn_valido,mae_superiorn_positivo,mae_superior_pct,pai_superiorn_valido,pai_superiorn_positivo,pai_superior_pct,renda_ate_3smn_valido,renda_ate_3smn_positivo,renda_ate_3sm_pct,trabalhan_valido,trabalhan_positivo,trabalha_pct,trabalha_40hn_valido,trabalha_40hn_positivo,trabalha_40h_pct,acao_afirmativan_valido,acao_afirmativan_positivo,acao_afirmativa_pct,auxilio_permanencian_valido,auxilio_permanencian_positivo,auxilio_permanencia_pct,bolsa_academican_valido,bolsa_academican_positivo,bolsa_academica_pct,estudo_4h_ou_maisn_valido,estudo_4h_ou_maisn_positivo,estudo_4h_ou_mais_pct,pretende_magisterion_valido,pretende_magisterion_positivo,pretende_magisterio_pct
26,12,7,0.5833333333333334,13,2,0.15384615384615385,11,3,0.2727272727272727,13,10,0.7692307692307693,13,5,0.38461538461538464,13,1,0.07692307692307693,13,6,0.46153846153846156,13,3,0.23076923076923078,8,7,0.875,13,9,0.6923076923076923,13,12,0.9230769230769231
34,6,0,0.0,6,3,0.5,5,3,0.6,6,3,0.5,6,3,0.5,6,1,0.16666666666666666,6,4,0.6666666666666666,6,0,0.0,5,5,1.0,6,2,0.3333333333333333,6,5,0.8333333333333334
161,21,7,0.3333333333333333,21,7,0.3333333333333333,21,8,0.38095238095238093,21,10,0.47619047619047616,21,20,0.9523809523809523,21,6,0.2857142857142857,21,8,0.38095238095238093,21,4,0.19047619047619047,12,9,0.75,21,12,0.5714285714285714,21,15,0.7142857142857143
297,60,28,0.4666666666666667,68,14,0.20588235294117646,62,7,0.11290322580645161,68,52,0.7647058823529411,68,43,0.6323529411764706,68,10,0.14705882352941177,68,30,0.4411764705882353,68,13,0.19117647058823528,56,24,0.42857142857142855,68,40,0.5882352941176471,68,58,0.8529411764705882
379,46,21,0.45652173913043476,45,13,0.28888888888888886,40,9,0.225,46,33,0.717391304347826,46,32,0.6956521739130435,46,12,0.2608695652173913,46,26,0.5652173913043478,46,4,0.08695652173913043,29,14,0.4827586206896552,46,27,0.5869565217391305,46,40,0.8695652173913043
624,8,1,0.125,8,5,0.625,7,4,0.5714285714285714,8,4,0.5,8,3,0.375,8,1,0.125,8,2,0.25,8,0,0.0,5,5,1.0,8,6,0.75,8,7,0.875
637,15,9,0.6,16,3,0.1875,15,1,0.06666666666666667,16,9,0.5625,16,13,0.8125,16,6,0.375,16,9,0.5625,16,8,0.5,7,4,0.5714285714285714,16,13,0.8125,16,12,0.75
696,16,5,0.3125,16,4,0.25,16,2,0.125,16,7,0.4375,16,11,0.6875,16,1,0.0625,16,5,0.3125,16,5,0.3125,9,8,0.8888888888888888,16,16,1.0,16,14,0.875
768,17,3,0.17647058823529413,17,7,0.4117647058823529,15,4,0.26666666666666666,17,6,0.35294117647058826,17,17,1.0,17,9,0.5294117647058824,17,7,0.4117647058823529,17,2,0.11764705882352941,12,11,0.9166666666666666,17,4,0.23529411764705882,17,13,0.7647058823529411
860,9,2,0.2222222222222222,9,3,0.3333333333333333,8,1,0.125,9,4,0.4444444444444444,9,9,1.0,9,3,0.3333333333333333,9,6,0.6666666666666666,9,0,0.0,9,8,0.8888888888888888,9,5,0.5555555555555556,9,7,0.7777777777777778
965,40,16,0.4,39,10,0.2564102564102564,38,2,0.05263157894736842,41,32,0.7804878048780488,41,32,0.7804878048780488,41,11,0.2682926829268293,41,23,0.5609756097560976,41,4,0.0975609756097561,31,20,0.6451612903225806,41,28,0.6829268292682927,41,36,0.8780487804878049
1035,16,12,0.75,16,1,0.0625,14,1,0.07142857142857142,16,12,0.75,16,14,0.875,16,7,0.4375,16,5,0.3125,16,8,0.5,8,4,0.5,16,8,0.5,16,12,0.75
1112,3,2,0.6666666666666666,3,1,0.3333333333333333,3,0,0.0,3,0,0.0,3,1,0.3333333333333333,3,0,0.0,3,1,0.3333333333333333,3,0,0.0,2,1,0.5,3,3,1.0,3,3,1.0
1428,8,2,0.25,8,3,0.375,8,3,0.375,8,3,0.375,8,3,0.375,8,0,0.0,8,2,0.25,8,0,0.0,2,1,0.5,8,7,0.875,8,7,0.875
1637,6,3,0.5,6,0,0.0,5,1,0.2,7,3,0.42857142857142855,7,6,0.8571428571428571,7,3,0.42857142857142855,7,2,0.2857142857142857,7,0,0.0,7,6,0.8571428571428571,7,2,0.2857142857142857,7,3,0.42857142857142855
1717,7,2,0.2857142857142857,7,3,0.42857142857142855,6,2,0.3333333333333333,7,2,0.2857142857142857,7,3,0.42857142857142855,7,1,0.14285714285714285,7,2,0.2857142857142857,7,0,0.0,6,5,0.8333333333333334,7,6,0.8571428571428571,7,5,0.7142857142857143
1907,0,0,,0,0,,0,0,,0,0,,0,0,,0,0,,0,0,,0,0,,0,0,,0,0,,0,0,
2711,33,6,0.18181818181818182,35,14,0.4,33,9,0.2727272727272727,35,10,0.2857142857142857,35,33,0.9428571428571428,35,12,0.34285714285714286,35,18,0.5142857142857142,35,10,0.2857142857142857,30,14,0.4666666666666667,35,26,0.7428571428571429,35,28,0.8
2921,76,13,0.17105263157894737,75,37,0.49333333333333335,72,31,0.4305555555555556,77,21,0.2727272727272727,77,66,0.8571428571428571,77,18,0.23376623376623376,77,31,0.4025974025974026,77,23,0.2987012987012987,59,24,0.4067796610169492,77,49,0.6363636363636364,77,57,0.7402597402597403
3145,18,4,0.2222222222222222,18,8,0.4444444444444444,18,9,0.5,18,4,0.2222222222222222,18,2,0.1111111111111111,18,0,0.0,18,6,0.3333333333333333,18,2,0.1111111111111111,8,7,0.875,18,16,0.8888888888888888,18,11,0.6111111111111112
3163,19,4,0.21052631578947367,19,9,0.47368421052631576,17,6,0.35294117647058826,19,10,0.5263157894736842,19,12,0.631578947368421,19,6,0.3157894736842105,19,3,0.15789473684210525,19,4,0.21052631578947367,13,10,0.7692307692307693,19,11,0.5789473684210527,19,11,0.5789473684210527
3179,30,10,0.3333333333333333,32,12,0.375,31,5,0.16129032258064516,32,14,0.4375,32,22,0.6875,32,6,0.1875,32,14,0.4375,32,10,0.3125,20,12,0.6,32,24,0.75,32,22,0.6875
3217,32,6,0.1875,32,14,0.4375,31,9,0.2903225806451613,33,17,0.5151515151515151,33,27,0.8181818181818182,33,16,0.48484848484848486,33,17,0.5151515151515151,33,5,0.15151515151515152,24,12,0.5,33,15,0.45454545454545453,33,20,0.6060606060606061
3407,16,5,0.3125,16,7,0.4375,15,5,0.3333333333333333,16,4,0.25,16,10,0.625,16,6,0.375,16,2,0.125,16,0,0.0,11,4,0.36363636363636365,16,11,0.6875,16,9,0.5625
3571,26,10,0.38461538461538464,26,2,0.07692307692307693,23,1,0.043478260869565216,27,25,0.9259259259259259,27,16,0.5925925925925926,27,5,0.18518518518518517,27,15,0.5555555555555556,27,4,0.14814814814814814,25,13,0.52,27,16,0.5925925925925926,27,24,0.8888888888888888
5965,15,6,0.4,15,5,0.3333333333333333,15,4,0.26666666666666666,15,6,0.4,15,13,0.8666666666666667,15,6,0.4,15,8,0.5333333333333333,15,0,0.0,15,4,0.26666666666666666,15,6,0.4,15,11,0.7333333333333333
6754,3,1,0.3333333333333333,3,0,0.0,3,0,0.0,3,2,0.6666666666666666,3,3,1.0,3,2,0.6666666666666666,3,2,0.6666666666666666,3,0,0.0,3,3,1.0,3,2,0.6666666666666666,3,3,1.0
7081,11,6,0.5454545454545454,10,2,0.2,10,0,0.0,11,7,0.6363636363636364,11,11,1.0,11,3,0.2727272727272727,11,2,0.18181818181818182,11,4,0.36363636363636365,10,6,0.6,11,7,0.6363636363636364,11,9,0.8181818181818182
8908,2,2,1.0,2,0,0.0,2,0,0.0,2,1,0.5,2,1,0.5,2,1,0.5,2,1,0.5,2,0,0.0,1,1,1.0,2,1,0.5,2,2,1.0
9954,12,5,0.4166666666666667,12,0,0.0,11,1,0.09090909090909091,12,4,0.3333333333333333,12,11,0.9166666666666666,12,8,0.6666666666666666,12,6,0.5,12,1,0.08333333333333333,8,8,1.0,12,7,0.5833333333333334,12,7,0.5833333333333334
10508,4,2,0.5,4,1,0.25,4,1,0.25,5,3,0.6,5,5,1.0,5,3,0.6,5,0,0.0,5,0,0.0,5,2,0.4,5,1,0.2,5,4,0.8
10811,4,3,0.75,5,0,0.0,4,0,0.0,5,5,1.0,5,5,1.0,5,1,0.2,5,2,0.4,5,2,0.4,4,4,1.0,5,4,0.8,5,4,0.8
11163,6,5,0.8333333333333334,6,1,0.16666666666666666,5,1,0.2,6,4,0.6666666666666666,6,6,1.0,6,4,0.6666666666666666,6,1,0.16666666666666666,6,1,0.16666666666666666,5,4,0.8,6,4,0.6666666666666666,6,4,0.6666666666666666
11305,20,7,0.35,20,7,0.35,18,5,0.2777777777777778,20,11,0.55,20,13,0.65,20,2,0.1,20,1,0.05,20,3,0.15,15,7,0.4666666666666667,20,14,0.7,20,18,0.9
11328,11,7,0.6363636363636364,13,2,0.15384615384615385,10,1,0.1,13,12,0.9230769230769231,13,7,0.5384615384615384,13,1,0.07692307692307693,13,4,0.3076923076923077,13,7,0.5384615384615384,7,5,0.7142857142857143,13,10,0.7692307692307693,13,11,0.8461538461538461
11439,21,3,0.14285714285714285,20,7,0.35,20,4,0.2,21,16,0.7619047619047619,21,11,0.5238095238095238,21,1,0.047619047619047616,21,8,0.38095238095238093,21,3,0.14285714285714285,21,14,0.6666666666666666,21,14,0.6666666666666666,21,18,0.8571428571428571
11540,15,5,0.3333333333333333,17,7,0.4117647058823529,14,2,0.14285714285714285,17,10,0.5882352941176471,17,10,0.5882352941176471,17,0,0.0,17,8,0.47058823529411764,17,6,0.35294117647058826,9,9,1.0,17,15,0.8823529411764706,17,15,0.8823529411764706
11591,30,14,0.4666666666666667,31,2,0.06451612903225806,31,2,0.06451612903225806,32,31,0.96875,32,20,0.625,32,8,0.25,32,12,0.375,32,6,0.1875,29,11,0.3793103448275862,32,17,0.53125,32,30,0.9375
11999,60,21,0.35,61,10,0.16393442622950818,52,8,0.15384615384615385,62,46,0.7419354838709677,62,40,0.6451612903225806,62,5,0.08064516129032258,62,35,0.5645161290322581,62,13,0.20967741935483872,50,26,0.52,62,40,0.6451612903225806,62,60,0.967741935483871
12033,33,18,0.5454545454545454,36,4,0.1111111111111111,35,3,0.08571428571428572,36,28,0.7777777777777778,36,26,0.7222222222222222,36,9,0.25,36,28,0.7777777777777778,36,4,0.1111111111111111,36,3,0.08333333333333333,36,15,0.4166666666666667,36,27,0.75
12035,53,26,0.49056603773584906,53,8,0.1509433962264151,44,4,0.09090909090909091,55,52,0.9454545454545454,55,28,0.509090909090909,55,2,0.03636363636363636,55,40,0.7272727272727273,55,17,0.3090909090909091,54,19,0.35185185185185186,55,33,0.6,55,48,0.8727272727272727
12037,31,11,0.3548387096774194,28,9,0.32142857142857145,28,2,0.07142857142857142,31,25,0.8064516129032258,31,18,0.5806451612903226,31,8,0.25806451612903225,31,20,0.6451612903225806,31,11,0.3548387096774194,22,11,0.5,31,20,0.6451612903225806,31,25,0.8064516129032258
12044,34,11,0.3235294117647059,36,6,0.16666666666666666,32,3,0.09375,36,30,0.8333333333333334,36,23,0.6388888888888888,36,4,0.1111111111111111,36,30,0.8333333333333334,36,5,0.1388888888888889,35,5,0.14285714285714285,36,20,0.5555555555555556,36,30,0.8333333333333334
12074,74,30,0.40540540540540543,77,15,0.19480519480519481,64,4,0.0625,79,71,0.8987341772151899,79,35,0.4430379746835443,79,10,0.12658227848101267,79,58,0.7341772151898734,79,26,0.3291139240506329,74,39,0.527027027027027,79,50,0.6329113924050633,79,70,0.8860759493670886
12354,17,6,0.35294117647058826,18,3,0.16666666666666666,14,1,0.07142857142857142,19,18,0.9473684210526315,19,7,0.3684210526315789,19,1,0.05263157894736842,19,13,0.6842105263157895,19,18,0.9473684210526315,13,12,0.9230769230769231,19,15,0.7894736842105263,19,14,0.7368421052631579
12553,21,2,0.09523809523809523,21,8,0.38095238095238093,21,6,0.2857142857142857,21,8,0.38095238095238093,21,15,0.7142857142857143,21,6,0.2857142857142857,21,10,0.47619047619047616,21,5,0.23809523809523808,10,8,0.8,21,16,0.7619047619047619,21,14,0.6666666666666666
12702,60,17,0.2833333333333333,61,22,0.36065573770491804,55,23,0.41818181818181815,61,31,0.5081967213114754,61,34,0.5573770491803278,61,9,0.14754098360655737,61,26,0.4262295081967213,61,11,0.18032786885245902,40,23,0.575,61,45,0.7377049180327869,61,53,0.8688524590163934
12713,24,13,0.5416666666666666,24,4,0.16666666666666666,23,1,0.043478260869565216,24,17,0.7083333333333334,24,15,0.625,24,3,0.125,24,11,0.4583333333333333,24,14,0.5833333333333334,17,14,0.8235294117647058,24,14,0.5833333333333334,24,23,0.9583333333333334
12806,16,5,0.3125,16,5,0.3125,14,6,0.42857142857142855,17,8,0.47058823529411764,17,9,0.5294117647058824,17,0,0.0,17,8,0.47058823529411764,17,6,0.35294117647058826,9,8,0.8888888888888888,17,11,0.6470588235294118,17,14,0.8235294117647058
12918,28,11,0.39285714285714285,30,5,0.16666666666666666,27,4,0.14814814814814814,30,25,0.8333333333333334,30,18,0.6,30,1,0.03333333333333333,30,17,0.5666666666666667,30,11,0.36666666666666664,11,7,0.6363636363636364,30,20,0.6666666666666666,30,28,0.9333333333333333
12969,55,16,0.2909090909090909,57,16,0.2807017543859649,54,18,0.3333333333333333,57,24,0.42105263157894735,57,41,0.7192982456140351,57,8,0.14035087719298245,57,25,0.43859649122807015,57,19,0.3333333333333333,43,22,0.5116279069767442,57,39,0.6842105263157895,57,41,0.7192982456140351
13102,13,6,0.46153846153846156,13,4,0.3076923076923077,12,2,0.16666666666666666,13,9,0.6923076923076923,13,8,0.6153846153846154,13,2,0.15384615384615385,13,10,0.7692307692307693,13,7,0.5384615384615384,6,4,0.6666666666666666,13,10,0.7692307692307693,13,11,0.8461538461538461
13276,28,10,0.35714285714285715,30,6,0.2,28,3,0.10714285714285714,30,16,0.5333333333333333,30,26,0.8666666666666667,30,7,0.23333333333333334,30,14,0.4666666666666667,30,3,0.1,18,10,0.5555555555555556,30,17,0.5666666666666667,30,24,0.8
13402,52,23,0.4423076923076923,53,12,0.22641509433962265,48,7,0.14583333333333334,55,49,0.8909090909090909,55,29,0.5272727272727272,55,15,0.2727272727272727,55,31,0.5636363636363636,55,22,0.4,46,23,0.5,55,25,0.45454545454545453,55,49,0.8909090909090909
13448,16,10,0.625,17,0,0.0,16,1,0.0625,17,15,0.8823529411764706,17,6,0.35294117647058826,17,2,0.11764705882352941,17,7,0.4117647058823529,17,7,0.4117647058823529,5,5,1.0,17,14,0.8235294117647058,17,13,0.7647058823529411
13619,21,7,0.3333333333333333,21,6,0.2857142857142857,20,5,0.25,21,14,0.6666666666666666,21,16,0.7619047619047619,21,6,0.2857142857142857,21,11,0.5238095238095238,21,13,0.6190476190476191,15,7,0.4666666666666667,21,15,0.7142857142857143,21,16,0.7619047619047619
13741,28,14,0.5,29,7,0.2413793103448276,26,6,0.23076923076923078,29,15,0.5172413793103449,29,23,0.7931034482758621,29,6,0.20689655172413793,29,15,0.5172413793103449,29,6,0.20689655172413793,20,17,0.85,29,21,0.7241379310344828,29,23,0.7931034482758621
13873,12,2,0.16666666666666666,13,6,0.46153846153846156,13,0,0.0,13,8,0.6153846153846154,13,6,0.46153846153846156,13,3,0.23076923076923078,13,7,0.5384615384615384,13,3,0.23076923076923078,5,5,1.0,13,10,0.7692307692307693,13,12,0.9230769230769231
14121,11,3,0.2727272727272727,12,4,0.3333333333333333,10,0,0.0,12,10,0.8333333333333334,12,11,0.9166666666666666,12,5,0.4166666666666667,12,7,0.5833333333333334,12,5,0.4166666666666667,5,3,0.6,12,7,0.5833333333333334,12,7,0.5833333333333334
14233,28,5,0.17857142857142858,30,14,0.4666666666666667,28,14,0.5,30,13,0.43333333333333335,30,17,0.5666666666666667,30,3,0.1,30,7,0.23333333333333334,30,3,0.1,21,14,0.6666666666666666,30,27,0.9,30,24,0.8
14328,82,29,0.35365853658536583,84,32,0.38095238095238093,78,26,0.3333333333333333,84,38,0.4523809523809524,84,64,0.7619047619047619,84,15,0.17857142857142858,84,29,0.34523809523809523,84,13,0.15476190476190477,60,37,0.6166666666666667,84,59,0.7023809523809523,84,74,0.8809523809523809
14505,36,18,0.5,38,8,0.21052631578947367,32,4,0.125,38,32,0.8421052631578947,38,31,0.8157894736842105,38,10,0.2631578947368421,38,22,0.5789473684210527,38,8,0.21052631578947367,25,11,0.44,38,25,0.6578947368421053,38,33,0.868421052631579
14542,10,3,0.3,11,2,0.18181818181818182,10,1,0.1,11,7,0.6363636363636364,11,11,1.0,11,5,0.45454545454545453,11,2,0.18181818181818182,11,3,0.2727272727272727,7,5,0.7142857142857143,11,7,0.6363636363636364,11,9,0.8181818181818182
14700,14,5,0.35714285714285715,15,3,0.2,14,4,0.2857142857142857,15,2,0.13333333333333333,15,13,0.8666666666666667,15,11,0.7333333333333333,15,7,0.4666666666666667,15,1,0.06666666666666667,14,9,0.6428571428571429,15,3,0.2,15,11,0.7333333333333333
15000,8,2,0.25,8,2,0.25,8,3,0.375,8,5,0.625,8,2,0.25,8,1,0.125,8,2,0.25,8,4,0.5,1,1,1.0,8,6,0.75,8,6,0.75
15413,40,13,0.325,41,14,0.34146341463414637,33,5,0.15151515151515152,41,35,0.8536585365853658,41,20,0.4878048780487805,41,1,0.024390243902439025,41,22,0.5365853658536586,41,30,0.7317073170731707,19,16,0.8421052631578947,41,33,0.8048780487804879,41,35,0.8536585365853658
15629,7,4,0.5714285714285714,7,2,0.2857142857142857,6,0,0.0,7,6,0.8571428571428571,7,3,0.42857142857142855,7,2,0.2857142857142857,7,3,0.42857142857142855,7,0,0.0,6,5,0.8333333333333334,7,2,0.2857142857142857,7,7,1.0
15833,15,6,0.4,15,4,0.26666666666666666,15,3,0.2,15,9,0.6,15,12,0.8,15,6,0.4,15,4,0.26666666666666666,15,3,0.2,10,7,0.7,15,9,0.6,15,13,0.8666666666666667
15862,7,2,0.2857142857142857,8,3,0.375,8,2,0.25,8,5,0.625,8,7,0.875,8,3,0.375,8,4,0.5,8,4,0.5,7,6,0.8571428571428571,8,7,0.875,8,7,0.875
15865,5,3,0.6,5,1,0.2,5,1,0.2,5,3,0.6,5,4,0.8,5,2,0.4,5,2,0.4,5,1,0.2,5,5,1.0,5,2,0.4,5,3,0.6
15868,12,5,0.4166666666666667,13,6,0.46153846153846156,12,4,0.3333333333333333,13,4,0.3076923076923077,13,11,0.8461538461538461,13,5,0.38461538461538464,13,4,0.3076923076923077,13,1,0.07692307692307693,8,7,0.875,13,8,0.6153846153846154,13,10,0.7692307692307693
16009,29,14,0.4827586206896552,29,3,0.10344827586206896,24,5,0.20833333333333334,29,27,0.9310344827586207,29,17,0.5862068965517241,29,6,0.20689655172413793,29,19,0.6551724137931034,29,6,0.20689655172413793,22,16,0.7272727272727273,29,10,0.3448275862068966,29,28,0.9655172413793104
16010,8,7,0.875,8,0,0.0,8,0,0.0,9,7,0.7777777777777778,9,8,0.8888888888888888,9,2,0.2222222222222222,9,3,0.3333333333333333,9,6,0.6666666666666666,3,3,1.0,9,7,0.7777777777777778,9,7,0.7777777777777778
16268,24,6,0.25,24,6,0.25,21,4,0.19047619047619047,24,21,0.875,24,19,0.7916666666666666,24,10,0.4166666666666667,24,6,0.25,24,3,0.125,18,11,0.6111111111111112,24,15,0.625,24,20,0.8333333333333334
16272,9,5,0.5555555555555556,9,1,0.1111111111111111,7,0,0.0,9,6,0.6666666666666666,9,8,0.8888888888888888,9,4,0.4444444444444444,9,1,0.1111111111111111,9,5,0.5555555555555556,5,2,0.4,9,5,0.5555555555555556,9,7,0.7777777777777778
16403,12,6,0.5,11,2,0.18181818181818182,10,0,0.0,12,5,0.4166666666666667,12,7,0.5833333333333334,12,2,0.16666666666666666,12,4,0.3333333333333333,12,1,0.08333333333333333,6,5,0.8333333333333334,12,6,0.5,12,9,0.75
17154,7,2,0.2857142857142857,9,0,0.0,8,1,0.125,9,9,1.0,9,3,0.3333333333333333,9,1,0.1111111111111111,9,6,0.6666666666666666,9,8,0.8888888888888888,6,6,1.0,9,7,0.7777777777777778,9,8,0.8888888888888888
17196,26,7,0.2692307692307692,26,4,0.15384615384615385,20,3,0.15,27,23,0.8518518518518519,27,12,0.4444444444444444,27,3,0.1111111111111111,27,6,0.2222222222222222,27,15,0.5555555555555556,19,10,0.5263157894736842,27,13,0.48148148148148145,27,19,0.7037037037037037
18354,0,0,,0,0,,0,0,,0,0,,0,0,,0,0,,0,0,,0,0,,0,0,,0,0,,0,0,
18382,8,3,0.375,9,1,0.1111111111111111,9,0,0.0,9,9,1.0,9,1,0.1111111111111111,9,0,0.0,9,3,0.3333333333333333,9,7,0.7777777777777778,8,8,1.0,9,4,0.4444444444444444,9,8,0.8888888888888888
18877,9,5,0.5555555555555556,9,2,0.2222222222222222,8,1,0.125,9,8,0.8888888888888888,9,5,0.5555555555555556,9,1,0.1111111111111111,9,5,0.5555555555555556,9,4,0.4444444444444444,3,3,1.0,9,6,0.6666666666666666,9,6,0.6666666666666666
18892,14,3,0.21428571428571427,15,6,0.4,15,2,0.13333333333333333,15,13,0.8666666666666667,15,11,0.7333333333333333,15,3,0.2,15,7,0.4666666666666667,15,5,0.3333333333333333,10,9,0.9,15,8,0.5333333333333333,15,10,0.6666666666666666
18954,6,3,0.5,6,2,0.3333333333333333,5,0,0.0,6,4,0.6666666666666666,6,3,0.5,6,0,0.0,6,0,0.0,6,0,0.0,4,4,1.0,6,3,0.5,6,5,0.8333333333333334
18959,6,2,0.3333333333333333,5,3,0.6,5,3,0.6,6,1,0.16666666666666666,6,5,0.8333333333333334,6,1,0.16666666666666666,6,2,0.3333333333333333,6,0,0.0,2,2,1.0,6,4,0.6666666666666666,6,5,0.8333333333333334
18961,18,5,0.2777777777777778,19,5,0.2631578947368421,16,3,0.1875,19,7,0.3684210526315789,19,16,0.8421052631578947,19,11,0.5789473684210527,19,3,0.15789473684210525,19,2,0.10526315789473684,16,10,0.625,19,7,0.3684210526315789,19,13,0.6842105263157895
19026,0,0,,0,0,,0,0,,0,0,,0,0,,0,0,,0,0,,0,0,,0,0,,0,0,,0,0,
19060,46,16,0.34782608695652173,46,9,0.1956521739130435,41,4,0.0975609756097561,47,31,0.6595744680851063,47,46,0.9787234042553191,47,31,0.6595744680851063,47,28,0.5957446808510638,47,1,0.02127659574468085,47,14,0.2978723404255319,47,16,0.3404255319148936,47,38,0.8085106382978723
19077,12,6,0.5,13,1,0.07692307692307693,13,0,0.0,13,10,0.7692307692307693,13,10,0.7692307692307693,13,3,0.23076923076923078,13,4,0.3076923076923077,13,0,0.0,11,7,0.6363636363636364,13,8,0.6153846153846154,13,12,0.9230769230769231
19191,4,2,0.5,4,0,0.0,3,0,0.0,4,4,1.0,4,3,0.75,4,1,0.25,4,1,0.25,4,3,0.75,3,2,0.6666666666666666,4,1,0.25,4,2,0.5
19367,2,1,0.5,2,1,0.5,2,1,0.5,2,1,0.5,2,2,1.0,2,1,0.5,2,1,0.5,2,0,0.0,1,0,0.0,2,0,0.0,2,2,1.0
19396,9,6,0.6666666666666666,9,2,0.2222222222222222,8,1,0.125,9,8,0.8888888888888888,9,6,0.6666666666666666,9,3,0.3333333333333333,9,3,0.3333333333333333,9,0,0.0,8,6,0.75,9,4,0.4444444444444444,9,7,0.7777777777777778
20315,10,5,0.5,11,0,0.0,11,0,0.0,11,6,0.5454545454545454,11,11,1.0,11,1,0.09090909090909091,11,7,0.6363636363636364,11,0,0.0,8,6,0.75,11,6,0.5454545454545454,11,10,0.9090909090909091
20392,40,19,0.475,40,2,0.05,34,1,0.029411764705882353,42,40,0.9523809523809523,42,31,0.7380952380952381,42,13,0.30952380952380953,42,22,0.5238095238095238,42,18,0.42857142857142855,40,14,0.35,42,24,0.5714285714285714,42,34,0.8095238095238095
20578,9,4,0.4444444444444444,9,4,0.4444444444444444,8,0,0.0,10,4,0.4,10,7,0.7,10,4,0.4,10,3,0.3,10,4,0.4,3,2,0.6666666666666666,10,7,0.7,10,5,0.5
20854,17,8,0.47058823529411764,17,4,0.23529411764705882,14,1,0.07142857142857142,17,14,0.8235294117647058,17,15,0.8823529411764706,17,10,0.5882352941176471,17,4,0.23529411764705882,17,4,0.23529411764705882,17,7,0.4117647058823529,17,6,0.35294117647058826,17,12,0.7058823529411765
21427,11,4,0.36363636363636365,10,3,0.3,10,6,0.6,11,3,0.2727272727272727,11,3,0.2727272727272727,11,0,0.0,11,4,0.36363636363636365,11,4,0.36363636363636365,3,3,1.0,11,10,0.9090909090909091,11,5,0.45454545454545453
21443,28,12,0.42857142857142855,30,7,0.23333333333333334,28,2,0.07142857142857142,31,25,0.8064516129032258,31,15,0.4838709677419355,31,4,0.12903225806451613,31,14,0.45161290322580644,31,20,0.6451612903225806,23,14,0.6086956521739131,31,17,0.5483870967741935,31,26,0.8387096774193549
21578,6,3,0.5,6,2,0.3333333333333333,6,2,0.3333333333333333,6,3,0.5,6,5,0.8333333333333334,6,3,0.5,6,2,0.3333333333333333,6,2,0.3333333333333333,5,3,0.6,6,5,0.8333333333333334,6,4,0.6666666666666666
21808,5,3,0.6,5,1,0.2,5,1,0.2,5,3,0.6,5,5,1.0,5,4,0.8,5,0,0.0,5,0,0.0,1,1,1.0,5,2,0.4,5,4,0.8
21822,9,6,0.6666666666666666,9,0,0.0,8,0,0.0,9,6,0.6666666666666666,9,9,1.0,9,8,0.8888888888888888,9,1,0.1111111111111111,9,1,0.1111111111111111,3,3,1.0,9,4,0.4444444444444444,9,5,0.5555555555555556
21869,9,1,0.1111111111111111,9,4,0.4444444444444444,9,2,0.2222222222222222,10,8,0.8,10,4,0.4,10,0,0.0,10,1,0.1,10,3,0.3,7,7,1.0,10,9,0.9,10,8,0.8
21876,8,7,0.875,8,0,0.0,8,0,0.0,8,8,1.0,8,8,1.0,8,6,0.75,8,2,0.25,8,4,0.5,4,3,0.75,8,4,0.5,8,7,0.875
21879,14,6,0.42857142857142855,14,4,0.2857142857142857,12,3,0.25,14,11,0.7857142857142857,14,12,0.8571428571428571,14,7,0.5,14,4,0.2857142857142857,14,3,0.21428571428571427,13,4,0.3076923076923077,14,5,0.35714285714285715,14,6,0.42857142857142855
21892,0,0,,0,0,,0,0,,0,0,,0,0,,0,0,,0,0,,0,0,,0,0,,0,0,,0,0,
27518,10,2,0.2,10,4,0.4,10,6,0.6,10,4,0.4,10,4,0.4,10,1,0.1,10,2,0.2,10,4,0.4,3,3,1.0,10,9,0.9,10,6,0.6
29447,15,4,0.26666666666666666,16,2,0.125,16,3,0.1875,16,13,0.8125,16,15,0.9375,16,4,0.25,16,5,0.3125,16,1,0.0625,16,1,0.0625,16,7,0.4375,16,14,0.875
38246,18,6,0.3333333333333333,18,4,0.2222222222222222,16,4,0.25,19,13,0.6842105263157895,19,18,0.9473684210526315,19,7,0.3684210526315789,19,10,0.5263157894736842,19,3,0.15789473684210525,15,7,0.4666666666666667,19,8,0.42105263157894735,19,17,0.8947368421052632
38431,4,0,0.0,6,1,0.16666666666666666,6,0,0.0,6,4,0.6666666666666666,6,6,1.0,6,3,0.5,6,0,0.0,6,0,0.0,4,2,0.5,6,2,0.3333333333333333,6,2,0.3333333333333333
38678,15,7,0.4666666666666667,15,2,0.13333333333333333,13,3,0.23076923076923078,15,10,0.6666666666666666,15,14,0.9333333333333333,15,7,0.4666666666666667,15,11,0.7333333333333333,15,8,0.5333333333333333,12,6,0.5,15,9,0.6,15,12,0.8
39715,4,2,0.5,4,0,0.0,4,0,0.0,4,3,0.75,4,4,1.0,4,3,0.75,4,2,0.5,4,1,0.25,3,2,0.6666666666666666,4,4,1.0,4,4,1.0
41069,6,2,0.3333333333333333,6,1,0.16666666666666666,6,3,0.5,6,4,0.6666666666666666,6,6,1.0,6,2,0.3333333333333333,6,4,0.6666666666666666,6,2,0.3333333333333333,3,3,1.0,6,2,0.3333333333333333,6,5,0.8333333333333334
41490,14,7,0.5,15,3,0.2,14,0,0.0,15,13,0.8666666666666667,15,9,0.6,15,2,0.13333333333333333,15,10,0.6666666666666666,15,11,0.7333333333333333,7,7,1.0,15,11,0.7333333333333333,15,12,0.8
43037,20,5,0.25,21,7,0.3333333333333333,19,2,0.10526315789473684,21,14,0.6666666666666666,21,20,0.9523809523809523,21,13,0.6190476190476191,21,11,0.5238095238095238,21,5,0.23809523809523808,17,9,0.5294117647058824,21,12,0.5714285714285714,21,16,0.7619047619047619
43084,6,5,0.8333333333333334,6,1,0.16666666666666666,6,0,0.0,6,3,0.5,6,6,1.0,6,2,0.3333333333333333,6,5,0.8333333333333334,6,1,0.16666666666666666,2,1,0.5,6,3,0.5,6,5,0.8333333333333334
44372,23,7,0.30434782608695654,25,9,0.36,23,8,0.34782608695652173,25,12,0.48,25,15,0.6,25,1,0.04,25,13,0.52,25,7,0.28,11,9,0.8181818181818182,25,19,0.76,25,24,0.96
45102,5,2,0.4,5,2,0.4,4,1,0.25,5,4,0.8,5,4,0.8,5,3,0.6,5,0,0.0,5,0,0.0,5,0,0.0,5,1,0.2,5,3,0.6
45701,7,4,0.5714285714285714,7,0,0.0,7,0,0.0,7,5,0.7142857142857143,7,5,0.7142857142857143,7,1,0.14285714285714285,7,1,0.14285714285714285,7,4,0.5714285714285714,2,2,1.0,7,7,1.0,7,3,0.42857142857142855
45703,6,1,0.16666666666666666,7,1,0.14285714285714285,6,0,0.0,7,5,0.7142857142857143,7,6,0.8571428571428571,7,4,0.5714285714285714,7,4,0.5714285714285714,7,5,0.7142857142857143,3,3,1.0,7,4,0.5714285714285714,7,5,0.7142857142857143
46729,11,7,0.6363636363636364,11,1,0.09090909090909091,11,1,0.09090909090909091,11,6,0.5454545454545454,11,9,0.8181818181818182,11,7,0.6363636363636364,11,5,0.45454545454545453,11,1,0.09090909090909091,7,4,0.5714285714285714,11,7,0.6363636363636364,11,9,0.8181818181818182
47333,6,1,0.16666666666666666,6,2,0.3333333333333333,6,0,0.0,6,4,0.6666666666666666,6,5,0.8333333333333334,6,3,0.5,6,3,0.5,6,0,0.0,4,4,1.0,6,2,0.3333333333333333,6,6,1.0
48289,31,12,0.3870967741935484,32,6,0.1875,28,6,0.21428571428571427,33,28,0.8484848484848485,33,19,0.5757575757575758,33,5,0.15151515151515152,33,15,0.45454545454545453,33,10,0.30303030303030304,31,2,0.06451612903225806,33,20,0.6060606060606061,33,29,0.8787878787878788
48946,11,4,0.36363636363636365,11,1,0.09090909090909091,11,1,0.09090909090909091,11,7,0.6363636363636364,11,10,0.9090909090909091,11,4,0.36363636363636365,11,6,0.5454545454545454,11,4,0.36363636363636365,4,1,0.25,11,6,0.5454545454545454,11,7,0.6363636363636364
49324,37,11,0.2972972972972973,37,2,0.05405405405405406,34,5,0.14705882352941177,37,17,0.4594594594594595,37,30,0.8108108108108109,37,18,0.4864864864864865,37,4,0.10810810810810811,37,0,0.0,37,3,0.08108108108108109,37,24,0.6486486486486487,37,33,0.8918918918918919
50439,3,2,0.6666666666666666,3,0,0.0,3,0,0.0,3,1,0.3333333333333333,3,3,1.0,3,3,1.0,3,0,0.0,3,0,0.0,2,2,1.0,3,3,1.0,3,2,0.6666666666666666
52068,0,0,,0,0,,0,0,,0,0,,0,0,,0,0,,0,0,,0,0,,0,0,,0,0,,0,0,
52139,4,0,0.0,4,2,0.5,4,2,0.5,4,2,0.5,4,3,0.75,4,1,0.25,4,0,0.0,4,0,0.0,1,1,1.0,4,4,1.0,4,4,1.0
52442,37,17,0.4594594594594595,40,5,0.125,33,4,0.12121212121212122,40,26,0.65,40,31,0.775,40,13,0.325,40,18,0.45,40,10,0.25,31,18,0.5806451612903226,40,28,0.7,40,39,0.975
55811,13,4,0.3076923076923077,14,3,0.21428571428571427,14,4,0.2857142857142857,14,8,0.5714285714285714,14,12,0.8571428571428571,14,8,0.5714285714285714,14,4,0.2857142857142857,14,3,0.21428571428571427,14,5,0.35714285714285715,14,6,0.42857142857142855,14,12,0.8571428571428571
58522,10,6,0.6,12,0,0.0,10,0,0.0,12,12,1.0,12,8,0.6666666666666666,12,2,0.16666666666666666,12,1,0.08333333333333333,12,2,0.16666666666666666,7,3,0.42857142857142855,12,8,0.6666666666666666,12,12,1.0
58526,9,4,0.4444444444444444,9,0,0.0,8,0,0.0,9,8,0.8888888888888888,9,3,0.3333333333333333,9,2,0.2222222222222222,9,5,0.5555555555555556,9,4,0.4444444444444444,5,2,0.4,9,4,0.4444444444444444,9,8,0.8888888888888888
58588,16,7,0.4375,17,1,0.058823529411764705,15,0,0.0,17,16,0.9411764705882353,17,9,0.5294117647058824,17,5,0.29411764705882354,17,3,0.17647058823529413,17,0,0.0,15,6,0.4,17,8,0.47058823529411764,17,16,0.9411764705882353
59272,26,11,0.4230769230769231,27,7,0.25925925925925924,25,2,0.08,27,24,0.8888888888888888,27,20,0.7407407407407407,27,9,0.3333333333333333,27,8,0.2962962962962963,27,9,0.3333333333333333,15,8,0.5333333333333333,27,14,0.5185185185185185,27,19,0.7037037037037037
59426,62,28,0.45161290322580644,63,13,0.20634920634920634,59,4,0.06779661016949153,66,60,0.9090909090909091,66,47,0.7121212121212122,66,16,0.24242424242424243,66,24,0.36363636363636365,66,17,0.25757575757575757,58,31,0.5344827586206896,66,30,0.45454545454545453,66,48,0.7272727272727273
59996,41,17,0.4146341463414634,42,8,0.19047619047619047,40,0,0.0,43,40,0.9302325581395349,43,31,0.7209302325581395,43,13,0.3023255813953488,43,19,0.4418604651162791,43,15,0.3488372093023256,38,23,0.6052631578947368,43,24,0.5581395348837209,43,36,0.8372093023255814
60290,7,1,0.14285714285714285,7,1,0.14285714285714285,6,0,0.0,7,4,0.5714285714285714,7,3,0.42857142857142855,7,3,0.42857142857142855,7,3,0.42857142857142855,7,3,0.42857142857142855,3,2,0.6666666666666666,7,2,0.2857142857142857,7,3,0.42857142857142855
60760,28,13,0.4642857142857143,30,6,0.2,29,4,0.13793103448275862,30,26,0.8666666666666667,30,20,0.6666666666666666,30,5,0.16666666666666666,30,4,0.13333333333333333,30,7,0.23333333333333334,19,12,0.631578947368421,30,18,0.6,30,22,0.7333333333333333
61024,15,7,0.4666666666666667,15,2,0.13333333333333333,14,3,0.21428571428571427,15,12,0.8,15,7,0.4666666666666667,15,3,0.2,15,2,0.13333333333333333,15,3,0.2,7,6,0.8571428571428571,15,10,0.6666666666666666,15,9,0.6
61669,13,3,0.23076923076923078,14,5,0.35714285714285715,13,1,0.07692307692307693,14,13,0.9285714285714286,14,5,0.35714285714285715,14,1,0.07142857142857142,14,1,0.07142857142857142,14,3,0.21428571428571427,9,7,0.7777777777777778,14,6,0.42857142857142855,14,11,0.7857142857142857
63062,25,11,0.44,28,3,0.10714285714285714,25,1,0.04,28,25,0.8928571428571429,28,12,0.42857142857142855,28,2,0.07142857142857142,28,13,0.4642857142857143,28,11,0.39285714285714285,19,14,0.7368421052631579,28,15,0.5357142857142857,28,23,0.8214285714285714
63383,23,5,0.21739130434782608,25,4,0.16,24,3,0.125,25,15,0.6,25,21,0.84,25,9,0.36,25,11,0.44,25,7,0.28,20,10,0.5,25,10,0.4,25,22,0.88
64604,11,7,0.6363636363636364,10,0,0.0,9,0,0.0,11,7,0.6363636363636364,11,8,0.7272727272727273,11,4,0.36363636363636365,11,1,0.09090909090909091,11,8,0.7272727272727273,10,8,0.8,11,6,0.5454545454545454,11,7,0.6363636363636364
68313,6,2,0.3333333333333333,6,2,0.3333333333333333,6,2,0.3333333333333333,6,4,0.6666666666666666,6,4,0.6666666666666666,6,1,0.16666666666666666,6,4,0.6666666666666666,6,4,0.6666666666666666,2,1,0.5,6,2,0.3333333333333333,6,6,1.0
68511,29,9,0.3103448275862069,33,6,0.18181818181818182,28,4,0.14285714285714285,33,21,0.6363636363636364,33,29,0.8787878787878788,33,21,0.6363636363636364,33,6,0.18181818181818182,33,3,0.09090909090909091,26,9,0.34615384615384615,33,14,0.42424242424242425,33,28,0.8484848484848485
70522,16,7,0.4375,18,6,0.3333333333333333,13,2,0.15384615384615385,18,14,0.7777777777777778,18,13,0.7222222222222222,18,3,0.16666666666666666,18,3,0.16666666666666666,18,8,0.4444444444444444,11,9,0.8181818181818182,18,10,0.5555555555555556,18,15,0.8333333333333334
71037,8,1,0.125,8,4,0.5,8,0,0.0,8,7,0.875,8,6,0.75,8,2,0.25,8,0,0.0,8,1,0.125,8,3,0.375,8,2,0.25,8,7,0.875
71419,15,3,0.2,15,6,0.4,13,3,0.23076923076923078,15,8,0.5333333333333333,15,11,0.7333333333333333,15,4,0.26666666666666666,15,4,0.26666666666666666,15,6,0.4,11,6,0.5454545454545454,15,10,0.6666666666666666,15,12,0.8
74276,0,0,,0,0,,0,0,,0,0,,0,0,,0,0,,0,0,,0,0,,0,0,,0,0,,0,0,
76212,1,0,0.0,2,0,0.0,1,1,1.0,2,2,1.0,2,0,0.0,2,0,0.0,2,0,0.0,2,1,0.5,2,0,0.0,2,0,0.0,2,1,0.5
80827,5,5,1.0,5,0,0.0,5,0,0.0,5,5,1.0,5,4,0.8,5,3,0.6,5,2,0.4,5,3,0.6,5,5,1.0,5,2,0.4,5,3,0.6
81423,20,5,0.25,22,2,0.09090909090909091,20,1,0.05,22,20,0.9090909090909091,22,14,0.6363636363636364,22,7,0.3181818181818182,22,5,0.22727272727272727,22,2,0.09090909090909091,21,11,0.5238095238095238,22,14,0.6363636363636364,22,22,1.0
81660,9,3,0.3333333333333333,9,2,0.2222222222222222,7,1,0.14285714285714285,9,5,0.5555555555555556,9,8,0.8888888888888888,9,5,0.5555555555555556,9,0,0.0,9,0,0.0,3,3,1.0,9,4,0.4444444444444444,9,9,1.0
81812,16,5,0.3125,17,6,0.35294117647058826,14,2,0.14285714285714285,17,16,0.9411764705882353,17,8,0.47058823529411764,17,3,0.17647058823529413,17,0,0.0,17,8,0.47058823529411764,17,10,0.5882352941176471,17,7,0.4117647058823529,17,12,0.7058823529411765
82658,36,12,0.3333333333333333,38,11,0.2894736842105263,38,13,0.34210526315789475,39,29,0.7435897435897436,39,33,0.8461538461538461,39,7,0.1794871794871795,39,18,0.46153846153846156,39,6,0.15384615384615385,25,14,0.56,39,21,0.5384615384615384,39,31,0.7948717948717948
83289,12,3,0.25,13,1,0.07692307692307693,11,0,0.0,13,11,0.8461538461538461,13,8,0.6153846153846154,13,1,0.07692307692307693,13,4,0.3076923076923077,13,8,0.6153846153846154,9,6,0.6666666666666666,13,11,0.8461538461538461,13,11,0.8461538461538461
83302,34,23,0.6764705882352942,35,2,0.05714285714285714,31,2,0.06451612903225806,35,34,0.9714285714285714,35,15,0.42857142857142855,35,4,0.11428571428571428,35,15,0.42857142857142855,35,31,0.8857142857142857,31,29,0.9354838709677419,35,20,0.5714285714285714,35,30,0.8571428571428571
83312,17,6,0.35294117647058826,18,1,0.05555555555555555,13,0,0.0,18,17,0.9444444444444444,18,13,0.7222222222222222,18,3,0.16666666666666666,18,7,0.3888888888888889,18,14,0.7777777777777778,16,4,0.25,18,13,0.7222222222222222,18,14,0.7777777777777778
83318,19,10,0.5263157894736842,20,5,0.25,19,1,0.05263157894736842,21,18,0.8571428571428571,21,11,0.5238095238095238,21,5,0.23809523809523808,21,6,0.2857142857142857,21,11,0.5238095238095238,13,12,0.9230769230769231,21,8,0.38095238095238093,21,16,0.7619047619047619
83330,11,4,0.36363636363636365,12,2,0.16666666666666666,12,1,0.08333333333333333,12,8,0.6666666666666666,12,10,0.8333333333333334,12,5,0.4166666666666667,12,6,0.5,12,3,0.25,5,4,0.8,12,6,0.5,12,11,0.9166666666666666
83929,22,7,0.3181818181818182,22,3,0.13636363636363635,22,1,0.045454545454545456,22,18,0.8181818181818182,22,15,0.6818181818181818,22,7,0.3181818181818182,22,9,0.4090909090909091,22,6,0.2727272727272727,17,10,0.5882352941176471,22,14,0.6363636363636364,22,20,0.9090909090909091
84374,8,2,0.25,10,3,0.3,10,0,0.0,10,10,1.0,10,5,0.5,10,0,0.0,10,5,0.5,10,4,0.4,10,7,0.7,10,5,0.5,10,7,0.7
85320,20,16,0.8,19,0,0.0,17,0,0.0,22,21,0.9545454545454546,22,12,0.5454545454545454,22,2,0.09090909090909091,22,11,0.5,22,16,0.7272727272727273,19,15,0.7894736842105263,22,15,0.6818181818181818,22,20,0.9090909090909091
85760,17,5,0.29411764705882354,15,3,0.2,14,0,0.0,17,16,0.9411764705882353,17,14,0.8235294117647058,17,7,0.4117647058823529,17,0,0.0,17,1,0.058823529411764705,17,2,0.11764705882352941,17,7,0.4117647058823529,17,15,0.8823529411764706
86396,21,5,0.23809523809523808,21,2,0.09523809523809523,21,0,0.0,21,18,0.8571428571428571,21,17,0.8095238095238095,21,12,0.5714285714285714,21,2,0.09523809523809523,21,0,0.0,21,0,0.0,21,6,0.2857142857142857,21,15,0.7142857142857143
88788,28,9,0.32142857142857145,29,5,0.1724137931034483,27,4,0.14814814814814814,29,18,0.6206896551724138,29,26,0.896551724137931,29,15,0.5172413793103449,29,6,0.20689655172413793,29,0,0.0,28,2,0.07142857142857142,29,18,0.6206896551724138,29,25,0.8620689655172413
92391,11,5,0.45454545454545453,10,2,0.2,10,0,0.0,11,11,1.0,11,6,0.5454545454545454,11,2,0.18181818181818182,11,4,0.36363636363636365,11,9,0.8181818181818182,7,7,1.0,11,6,0.5454545454545454,11,10,0.9090909090909091
94692,3,0,0.0,3,0,0.0,2,0,0.0,3,2,0.6666666666666666,3,2,0.6666666666666666,3,2,0.6666666666666666,3,0,0.0,3,0,0.0,3,1,0.3333333333333333,3,3,1.0,3,3,1.0
95055,13,8,0.6153846153846154,16,3,0.1875,13,2,0.15384615384615385,17,16,0.9411764705882353,17,7,0.4117647058823529,17,2,0.11764705882352941,17,6,0.35294117647058826,17,9,0.5294117647058824,8,5,0.625,17,12,0.7058823529411765,17,17,1.0
95221,4,0,0.0,5,0,0.0,5,3,0.6,6,4,0.6666666666666666,6,6,1.0,6,2,0.3333333333333333,6,0,0.0,6,0,0.0,6,0,0.0,6,4,0.6666666666666666,6,5,0.8333333333333334
96158,38,14,0.3684210526315789,36,6,0.16666666666666666,35,7,0.2,38,27,0.7105263157894737,38,32,0.8421052631578947,38,9,0.23684210526315788,38,18,0.47368421052631576,38,8,0.21052631578947367,30,22,0.7333333333333333,38,21,0.5526315789473685,38,32,0.8421052631578947
96913,15,4,0.26666666666666666,16,2,0.125,13,1,0.07692307692307693,16,13,0.8125,16,9,0.5625,16,2,0.125,16,5,0.3125,16,7,0.4375,4,4,1.0,16,11,0.6875,16,13,0.8125
96955,3,2,0.6666666666666666,3,0,0.0,3,0,0.0,3,3,1.0,3,3,1.0,3,1,0.3333333333333333,3,0,0.0,3,1,0.3333333333333333,0,0,,3,3,1.0,3,3,1.0
99045,36,20,0.5555555555555556,39,5,0.1282051282051282,36,1,0.027777777777777776,41,35,0.8536585365853658,41,28,0.6829268292682927,41,13,0.3170731707317073,41,20,0.4878048780487805,41,23,0.5609756097560976,35,22,0.6285714285714286,41,17,0.4146341463414634,41,34,0.8292682926829268
99503,12,7,0.5833333333333334,13,4,0.3076923076923077,13,1,0.07692307692307693,13,11,0.8461538461538461,13,5,0.38461538461538464,13,1,0.07692307692307693,13,7,0.5384615384615384,13,6,0.46153846153846156,6,6,1.0,13,11,0.8461538461538461,13,10,0.7692307692307693
99806,42,20,0.47619047619047616,41,5,0.12195121951219512,36,2,0.05555555555555555,43,41,0.9534883720930233,43,15,0.3488372093023256,43,3,0.06976744186046512,43,15,0.3488372093023256,43,26,0.6046511627906976,25,17,0.68,43,32,0.7441860465116279,43,36,0.8372093023255814
99898,8,1,0.125,8,1,0.125,8,1,0.125,8,3,0.375,8,8,1.0,8,7,0.875,8,3,0.375,8,0,0.0,7,1,0.14285714285714285,8,5,0.625,8,8,1.0
99952,938,296,0.31556503198294245,958,175,0.1826722338204593,881,88,0.09988649262202043,980,597,0.6091836734693877,980,856,0.8734693877551021,980,553,0.5642857142857143,980,123,0.12551020408163266,980,31,0.03163265306122449,965,61,0.06321243523316063,980,445,0.45408163265306123,980,848,0.8653061224489796
100309,72,29,0.4027777777777778,75,11,0.14666666666666667,67,8,0.11940298507462686,76,49,0.6447368421052632,76,69,0.9078947368421053,76,38,0.5,76,25,0.32894736842105265,76,1,0.013157894736842105,75,1,0.013333333333333334,76,35,0.4605263157894737,76,55,0.7236842105263158
100369,7,0,0.0,6,1,0.16666666666666666,6,0,0.0,7,3,0.42857142857142855,7,6,0.8571428571428571,7,4,0.5714285714285714,7,2,0.2857142857142857,7,0,0.0,7,1,0.14285714285714285,7,3,0.42857142857142855,7,6,0.8571428571428571
100373,16,13,0.8125,16,1,0.0625,14,0,0.0,17,16,0.9411764705882353,17,12,0.7058823529411765,17,4,0.23529411764705882,17,8,0.47058823529411764,17,3,0.17647058823529413,14,3,0.21428571428571427,17,6,0.35294117647058826,17,13,0.7647058823529411
100412,12,6,0.5,12,0,0.0,12,3,0.25,12,12,1.0,12,8,0.6666666666666666,12,2,0.16666666666666666,12,4,0.3333333333333333,12,8,0.6666666666666666,7,7,1.0,12,8,0.6666666666666666,12,12,1.0
100620,9,4,0.4444444444444444,8,3,0.375,9,2,0.2222222222222222,10,7,0.7,10,9,0.9,10,8,0.8,10,0,0.0,10,0,0.0,10,3,0.3,10,6,0.6,10,8,0.8
100690,45,29,0.6444444444444445,48,3,0.0625,42,1,0.023809523809523808,50,48,0.96,50,40,0.8,50,17,0.34,50,28,0.56,50,40,0.8,43,33,0.7674418604651163,50,19,0.38,50,34,0.68
100724,17,4,0.23529411764705882,19,5,0.2631578947368421,16,3,0.1875,19,11,0.5789473684210527,19,18,0.9473684210526315,19,13,0.6842105263157895,19,2,0.10526315789473684,19,0,0.0,19,0,0.0,19,11,0.5789473684210527,19,15,0.7894736842105263
100775,8,3,0.375,8,1,0.125,7,1,0.14285714285714285,8,4,0.5,8,8,1.0,8,5,0.625,8,3,0.375,8,2,0.25,8,4,0.5,8,3,0.375,8,8,1.0
100808,9,4,0.4444444444444444,10,1,0.1,9,1,0.1111111111111111,10,7,0.7,10,6,0.6,10,2,0.2,10,6,0.6,10,7,0.7,3,2,0.6666666666666666,10,7,0.7,10,9,0.9
100916,10,5,0.5,10,1,0.1,8,2,0.25,10,8,0.8,10,8,0.8,10,4,0.4,10,4,0.4,10,1,0.1,4,4,1.0,10,6,0.6,10,7,0.7
101556,7,3,0.42857142857142855,7,0,0.0,7,0,0.0,7,7,1.0,7,4,0.5714285714285714,7,3,0.42857142857142855,7,4,0.5714285714285714,7,1,0.14285714285714285,3,3,1.0,7,3,0.42857142857142855,7,4,0.5714285714285714
102152,24,11,0.4583333333333333,25,2,0.08,22,2,0.09090909090909091,25,23,0.92,25,12,0.48,25,3,0.12,25,12,0.48,25,12,0.48,21,13,0.6190476190476191,25,20,0.8,25,17,0.68
102430,28,14,0.5,29,9,0.3103448275862069,27,6,0.2222222222222222,29,18,0.6206896551724138,29,23,0.7931034482758621,29,10,0.3448275862068966,29,12,0.41379310344827586,29,12,0.41379310344827586,21,13,0.6190476190476191,29,17,0.5862068965517241,29,26,0.896551724137931
102576,67,39,0.582089552238806,70,9,0.12857142857142856,61,2,0.03278688524590164,71,64,0.9014084507042254,71,35,0.49295774647887325,71,11,0.15492957746478872,71,32,0.4507042253521127,71,33,0.4647887323943662,56,34,0.6071428571428571,71,44,0.6197183098591549,71,60,0.8450704225352113
102588,11,5,0.45454545454545453,12,2,0.16666666666666666,12,2,0.16666666666666666,13,13,1.0,13,6,0.46153846153846156,13,2,0.15384615384615385,13,3,0.23076923076923078,13,3,0.23076923076923078,13,10,0.7692307692307693,13,9,0.6923076923076923,13,11,0.8461538461538461
102944,6,2,0.3333333333333333,7,2,0.2857142857142857,6,1,0.16666666666666666,7,4,0.5714285714285714,7,6,0.8571428571428571,7,3,0.42857142857142855,7,3,0.42857142857142855,7,3,0.42857142857142855,5,4,0.8,7,6,0.8571428571428571,7,5,0.7142857142857143
103381,27,15,0.5555555555555556,29,3,0.10344827586206896,29,3,0.10344827586206896,29,28,0.9655172413793104,29,27,0.9310344827586207,29,12,0.41379310344827586,29,16,0.5517241379310345,29,14,0.4827586206896552,22,14,0.6363636363636364,29,16,0.5517241379310345,29,26,0.896551724137931
103572,20,14,0.7,20,2,0.1,19,0,0.0,20,11,0.55,20,19,0.95,20,10,0.5,20,3,0.15,20,1,0.05,14,10,0.7142857142857143,20,7,0.35,20,14,0.7
104282,6,1,0.16666666666666666,6,1,0.16666666666666666,5,1,0.2,6,5,0.8333333333333334,6,4,0.6666666666666666,6,3,0.5,6,4,0.6666666666666666,6,3,0.5,3,0,0.0,6,2,0.3333333333333333,6,4,0.6666666666666666
104814,15,11,0.7333333333333333,17,1,0.058823529411764705,17,1,0.058823529411764705,17,17,1.0,17,10,0.5882352941176471,17,4,0.23529411764705882,17,9,0.5294117647058824,17,8,0.47058823529411764,17,5,0.29411764705882354,17,10,0.5882352941176471,17,14,0.8235294117647058
106404,17,3,0.17647058823529413,17,4,0.23529411764705882,17,0,0.0,17,13,0.7647058823529411,17,15,0.8823529411764706,17,8,0.47058823529411764,17,6,0.35294117647058826,17,4,0.23529411764705882,15,2,0.13333333333333333,17,11,0.6470588235294118,17,17,1.0
107520,47,14,0.2978723404255319,47,12,0.2553191489361702,42,3,0.07142857142857142,49,38,0.7755102040816326,49,37,0.7551020408163265,49,13,0.2653061224489796,49,26,0.5306122448979592,49,10,0.20408163265306123,38,19,0.5,49,33,0.673469387755102,49,43,0.8775510204081632
108012,1,0,0.0,1,1,1.0,1,1,1.0,1,0,0.0,1,1,1.0,1,1,1.0,1,0,0.0,1,0,0.0,1,0,0.0,1,0,0.0,1,1,1.0
108730,14,4,0.2857142857142857,14,7,0.5,13,3,0.23076923076923078,14,7,0.5,14,9,0.6428571428571429,14,5,0.35714285714285715,14,7,0.5,14,10,0.7142857142857143,10,9,0.9,14,7,0.5,14,13,0.9285714285714286
108734,34,9,0.2647058823529412,35,8,0.22857142857142856,34,8,0.23529411764705882,35,18,0.5142857142857142,35,28,0.8,35,16,0.45714285714285713,35,2,0.05714285714285714,35,1,0.02857142857142857,35,7,0.2,35,25,0.7142857142857143,35,28,0.8
109356,8,1,0.125,8,0,0.0,7,0,0.0,9,7,0.7777777777777778,9,8,0.8888888888888888,9,5,0.5555555555555556,9,2,0.2222222222222222,9,0,0.0,9,0,0.0,9,3,0.3333333333333333,9,7,0.7777777777777778
109768,18,9,0.5,18,5,0.2777777777777778,15,1,0.06666666666666667,18,16,0.8888888888888888,18,11,0.6111111111111112,18,1,0.05555555555555555,18,8,0.4444444444444444,18,2,0.1111111111111111,18,8,0.4444444444444444,18,11,0.6111111111111112,18,17,0.9444444444444444
109948,34,11,0.3235294117647059,34,5,0.14705882352941177,28,2,0.07142857142857142,35,26,0.7428571428571429,35,30,0.8571428571428571,35,17,0.4857142857142857,35,17,0.4857142857142857,35,0,0.0,35,1,0.02857142857142857,35,19,0.5428571428571428,35,29,0.8285714285714286
111506,5,1,0.2,5,2,0.4,5,1,0.2,5,2,0.4,5,5,1.0,5,3,0.6,5,1,0.2,5,1,0.2,4,1,0.25,5,2,0.4,5,5,1.0
113030,16,4,0.25,16,2,0.125,14,0,0.0,18,16,0.8888888888888888,18,13,0.7222222222222222,18,6,0.3333333333333333,18,5,0.2777777777777778,18,1,0.05555555555555555,18,11,0.6111111111111112,18,12,0.6666666666666666,18,15,0.8333333333333334
113295,14,8,0.5714285714285714,14,3,0.21428571428571427,13,1,0.07692307692307693,14,5,0.35714285714285715,14,9,0.6428571428571429,14,0,0.0,14,4,0.2857142857142857,14,6,0.42857142857142855,8,7,0.875,14,11,0.7857142857142857,14,12,0.8571428571428571
113490,43,5,0.11627906976744186,47,23,0.48936170212765956,46,16,0.34782608695652173,47,24,0.5106382978723404,47,40,0.851063829787234,47,12,0.2553191489361702,47,20,0.425531914893617,47,15,0.3191489361702128,33,15,0.45454545454545453,47,27,0.574468085106383,47,35,0.7446808510638298
113589,7,4,0.5714285714285714,7,0,0.0,7,0,0.0,7,7,1.0,7,5,0.7142857142857143,7,0,0.0,7,3,0.42857142857142855,7,4,0.5714285714285714,2,2,1.0,7,4,0.5714285714285714,7,7,1.0
113907,64,24,0.375,65,5,0.07692307692307693,60,3,0.05,66,38,0.5757575757575758,66,61,0.9242424242424242,66,46,0.696969696969697,66,15,0.22727272727272727,66,3,0.045454545454545456,66,16,0.24242424242424243,66,40,0.6060606060606061,66,59,0.8939393939393939
113953,27,14,0.5185185185185185,28,1,0.03571428571428571,24,1,0.041666666666666664,30,29,0.9666666666666667,30,15,0.5,30,1,0.03333333333333333,30,8,0.26666666666666666,30,8,0.26666666666666666,25,19,0.76,30,25,0.8333333333333334,30,27,0.9
114388,2,1,0.5,2,1,0.5,1,0,0.0,3,1,0.3333333333333333,3,3,1.0,3,3,1.0,3,2,0.6666666666666666,3,1,0.3333333333333333,0,0,,3,2,0.6666666666666666,3,0,0.0
114556,12,5,0.4166666666666667,11,3,0.2727272727272727,12,4,0.3333333333333333,13,8,0.6153846153846154,13,7,0.5384615384615384,13,3,0.23076923076923078,13,4,0.3076923076923077,13,5,0.38461538461538464,6,5,0.8333333333333334,13,10,0.7692307692307693,13,9,0.6923076923076923
114853,87,42,0.4827586206896552,90,15,0.16666666666666666,87,4,0.04597701149425287,91,84,0.9230769230769231,91,30,0.32967032967032966,91,12,0.13186813186813187,91,65,0.7142857142857143,91,44,0.4835164835164835,77,17,0.22077922077922077,91,49,0.5384615384615384,91,85,0.9340659340659341
115086,9,2,0.2222222222222222,9,3,0.3333333333333333,9,2,0.2222222222222222,9,4,0.4444444444444444,9,7,0.7777777777777778,9,4,0.4444444444444444,9,6,0.6666666666666666,9,1,0.1111111111111111,6,5,0.8333333333333334,9,7,0.7777777777777778,9,5,0.5555555555555556
116144,13,5,0.38461538461538464,13,1,0.07692307692307693,13,1,0.07692307692307693,13,8,0.6153846153846154,13,12,0.9230769230769231,13,9,0.6923076923076923,13,4,0.3076923076923077,13,3,0.23076923076923078,7,4,0.5714285714285714,13,10,0.7692307692307693,13,9,0.6923076923076923
116730,5,2,0.4,5,0,0.0,5,0,0.0,5,3,0.6,5,5,1.0,5,2,0.4,5,4,0.8,5,1,0.2,3,2,0.6666666666666666,5,3,0.6,5,4,0.8
116820,3,2,0.6666666666666666,3,0,0.0,3,0,0.0,3,1,0.3333333333333333,3,3,1.0,3,3,1.0,3,2,0.6666666666666666,3,1,0.3333333333333333,2,1,0.5,3,1,0.3333333333333333,3,2,0.6666666666666666
116856,10,5,0.5,10,2,0.2,10,1,0.1,10,6,0.6,10,3,0.3,10,2,0.2,10,5,0.5,10,7,0.7,3,2,0.6666666666666666,10,9,0.9,10,10,1.0
116882,16,5,0.3125,16,5,0.3125,13,3,0.23076923076923078,16,6,0.375,16,13,0.8125,16,5,0.3125,16,6,0.375,16,9,0.5625,4,2,0.5,16,12,0.75,16,15,0.9375
117196,2,0,0.0,2,1,0.5,2,0,0.0,2,1,0.5,2,2,1.0,2,2,1.0,2,1,0.5,2,0,0.0,2,0,0.0,2,1,0.5,2,2,1.0
118100,54,32,0.5925925925925926,58,4,0.06896551724137931,53,7,0.1320754716981132,58,52,0.896551724137931,58,40,0.6896551724137931,58,24,0.41379310344827586,58,36,0.6206896551724138,58,37,0.6379310344827587,48,25,0.5208333333333334,58,32,0.5517241379310345,58,56,0.9655172413793104
118564,4,3,0.75,4,0,0.0,4,0,0.0,4,3,0.75,4,3,0.75,4,1,0.25,4,0,0.0,4,3,0.75,2,2,1.0,4,2,0.5,4,3,0.75
120389,10,3,0.3,11,4,0.36363636363636365,10,0,0.0,11,9,0.8181818181818182,11,5,0.45454545454545453,11,1,0.09090909090909091,11,3,0.2727272727272727,11,6,0.5454545454545454,9,4,0.4444444444444444,11,7,0.6363636363636364,11,11,1.0
120767,2,0,0.0,2,1,0.5,2,0,0.0,2,1,0.5,2,2,1.0,2,1,0.5,2,0,0.0,2,0,0.0,2,0,0.0,2,0,0.0,2,2,1.0
121013,22,10,0.45454545454545453,22,4,0.18181818181818182,20,1,0.05,23,15,0.6521739130434783,23,20,0.8695652173913043,23,12,0.5217391304347826,23,9,0.391304347826087,23,11,0.4782608695652174,15,10,0.6666666666666666,23,12,0.5217391304347826,23,19,0.8260869565217391
121792,5,2,0.4,6,1,0.16666666666666666,6,0,0.0,6,5,0.8333333333333334,6,4,0.6666666666666666,6,3,0.5,6,4,0.6666666666666666,6,3,0.5,6,1,0.16666666666666666,6,2,0.3333333333333333,6,3,0.5
122122,27,4,0.14814814814814814,27,12,0.4444444444444444,24,10,0.4166666666666667,28,13,0.4642857142857143,28,22,0.7857142857142857,28,7,0.25,28,12,0.42857142857142855,28,10,0.35714285714285715,22,11,0.5,28,16,0.5714285714285714,28,19,0.6785714285714286
122358,0,0,,0,0,,0,0,,0,0,,0,0,,0,0,,0,0,,0,0,,0,0,,0,0,,0,0,
122746,17,7,0.4117647058823529,17,4,0.23529411764705882,16,1,0.0625,18,15,0.8333333333333334,18,12,0.6666666666666666,18,6,0.3333333333333333,18,10,0.5555555555555556,18,9,0.5,8,6,0.75,18,15,0.8333333333333334,18,13,0.7222222222222222
123356,13,6,0.46153846153846156,12,3,0.25,11,0,0.0,13,11,0.8461538461538461,13,11,0.8461538461538461,13,7,0.5384615384615384,13,3,0.23076923076923078,13,0,0.0,12,1,0.08333333333333333,13,5,0.38461538461538464,13,11,0.8461538461538461
123472,52,15,0.28846153846153844,55,10,0.18181818181818182,47,7,0.14893617021276595,56,24,0.42857142857142855,56,53,0.9464285714285714,56,40,0.7142857142857143,56,14,0.25,56,2,0.03571428571428571,55,6,0.10909090909090909,56,33,0.5892857142857143,56,49,0.875
123494,2,0,0.0,2,1,0.5,2,1,0.5,2,1,0.5,2,2,1.0,2,2,1.0,2,1,0.5,2,1,0.5,2,2,1.0,2,2,1.0,2,2,1.0
123519,13,8,0.6153846153846154,13,1,0.07692307692307693,12,1,0.08333333333333333,13,11,0.8461538461538461,13,10,0.7692307692307693,13,4,0.3076923076923077,13,4,0.3076923076923077,13,8,0.6153846153846154,2,2,1.0,13,6,0.46153846153846156,13,11,0.8461538461538461
123787,2,1,0.5,2,0,0.0,2,0,0.0,2,1,0.5,2,2,1.0,2,1,0.5,2,1,0.5,2,0,0.0,2,1,0.5,2,2,1.0,2,1,0.5
300520,20,12,0.6,22,4,0.18181818181818182,18,2,0.1111111111111111,22,17,0.7727272727272727,22,11,0.5,22,1,0.045454545454545456,22,12,0.5454545454545454,22,4,0.18181818181818182,16,13,0.8125,22,15,0.6818181818181818,22,17,0.7727272727272727
312333,40,14,0.35,40,10,0.25,35,3,0.08571428571428572,40,28,0.7,40,24,0.6,40,5,0.125,40,23,0.575,40,20,0.5,33,23,0.696969696969697,40,31,0.775,40,33,0.825
1101770,42,12,0.2857142857142857,43,10,0.23255813953488372,42,9,0.21428571428571427,43,23,0.5348837209302325,43,38,0.8837209302325582,43,15,0.3488372093023256,43,25,0.5813953488372093,43,10,0.23255813953488372,22,15,0.6818181818181818,43,25,0.5813953488372093,43,36,0.8372093023255814
1102402,21,4,0.19047619047619047,21,11,0.5238095238095238,21,7,0.3333333333333333,21,0,0.0,21,19,0.9047619047619048,21,11,0.5238095238095238,21,9,0.42857142857142855,21,6,0.2857142857142857,11,6,0.5454545454545454,21,16,0.7619047619047619,21,19,0.9047619047619048
1102641,4,2,0.5,4,0,0.0,4,0,0.0,4,4,1.0,4,3,0.75,4,2,0.5,4,2,0.5,4,3,0.75,2,2,1.0,4,2,0.5,4,4,1.0
1102795,9,5,0.5555555555555556,9,1,0.1111111111111111,9,1,0.1111111111111111,9,6,0.6666666666666666,9,9,1.0,9,4,0.4444444444444444,9,3,0.3333333333333333,9,4,0.4444444444444444,5,5,1.0,9,7,0.7777777777777778,9,8,0.8888888888888888
1102963,3,1,0.3333333333333333,4,2,0.5,4,0,0.0,4,2,0.5,4,2,0.5,4,1,0.25,4,1,0.25,4,4,1.0,1,1,1.0,4,4,1.0,4,4,1.0
1103025,10,4,0.4,9,2,0.2222222222222222,7,2,0.2857142857142857,10,7,0.7,10,10,1.0,10,7,0.7,10,2,0.2,10,6,0.6,7,4,0.5714285714285714,10,3,0.3,10,7,0.7
1103031,10,6,0.6,10,0,0.0,9,0,0.0,10,4,0.4,10,10,1.0,10,9,0.9,10,6,0.6,10,4,0.4,9,9,1.0,10,6,0.6,10,6,0.6
1103032,4,2,0.5,4,1,0.25,4,1,0.25,4,1,0.25,4,4,1.0,4,1,0.25,4,2,0.5,4,1,0.25,2,1,0.5,4,3,0.75,4,4,1.0
1103185,2,1,0.5,2,1,0.5,2,0,0.0,2,2,1.0,2,0,0.0,2,0,0.0,2,0,0.0,2,1,0.5,1,1,1.0,2,2,1.0,2,2,1.0
1103461,15,4,0.26666666666666666,15,5,0.3333333333333333,15,5,0.3333333333333333,15,6,0.4,15,12,0.8,15,2,0.13333333333333333,15,4,0.26666666666666666,15,7,0.4666666666666667,9,7,0.7777777777777778,15,8,0.5333333333333333,15,13,0.8666666666666667
1103556,14,5,0.35714285714285715,14,2,0.14285714285714285,13,1,0.07692307692307693,14,14,1.0,14,12,0.8571428571428571,14,5,0.35714285714285715,14,9,0.6428571428571429,14,6,0.42857142857142855,7,5,0.7142857142857143,14,8,0.5714285714285714,14,12,0.8571428571428571
1103657,13,8,0.6153846153846154,14,4,0.2857142857142857,12,1,0.08333333333333333,14,9,0.6428571428571429,14,9,0.6428571428571429,14,5,0.35714285714285715,14,7,0.5,14,9,0.6428571428571429,7,3,0.42857142857142855,14,7,0.5,14,9,0.6428571428571429
1103813,28,18,0.6428571428571429,27,4,0.14814814814814814,26,2,0.07692307692307693,29,27,0.9310344827586207,29,18,0.6206896551724138,29,7,0.2413793103448276,29,14,0.4827586206896552,29,12,0.41379310344827586,22,10,0.45454545454545453,29,17,0.5862068965517241,29,25,0.8620689655172413
1103910,16,8,0.5,18,3,0.16666666666666666,17,0,0.0,18,15,0.8333333333333334,18,11,0.6111111111111112,18,6,0.3333333333333333,18,14,0.7777777777777778,18,3,0.16666666666666666,14,9,0.6428571428571429,18,8,0.4444444444444444,18,13,0.7222222222222222
1103911,27,13,0.48148148148148145,28,6,0.21428571428571427,26,2,0.07692307692307693,28,27,0.9642857142857143,28,19,0.6785714285714286,28,9,0.32142857142857145,28,13,0.4642857142857143,28,8,0.2857142857142857,20,13,0.65,28,11,0.39285714285714285,28,23,0.8214285714285714
1103912,10,6,0.6,10,0,0.0,10,0,0.0,10,10,1.0,10,8,0.8,10,3,0.3,10,4,0.4,10,5,0.5,9,8,0.8888888888888888,10,4,0.4,10,4,0.4
1103914,24,11,0.4583333333333333,25,3,0.12,20,0,0.0,25,22,0.88,25,11,0.44,25,7,0.28,25,13,0.52,25,11,0.44,22,4,0.18181818181818182,25,13,0.52,25,23,0.92
1105218,20,5,0.25,22,4,0.18181818181818182,20,0,0.0,22,20,0.9090909090909091,22,13,0.5909090909090909,22,9,0.4090909090909091,22,10,0.45454545454545453,22,10,0.45454545454545453,19,13,0.6842105263157895,22,15,0.6818181818181818,22,17,0.7727272727272727
1106721,6,0,0.0,6,2,0.3333333333333333,6,1,0.16666666666666666,6,4,0.6666666666666666,6,3,0.5,6,2,0.3333333333333333,6,1,0.16666666666666666,6,4,0.6666666666666666,6,6,1.0,6,2,0.3333333333333333,6,6,1.0
1108212,22,9,0.4090909090909091,23,6,0.2608695652173913,21,5,0.23809523809523808,23,14,0.6086956521739131,23,15,0.6521739130434783,23,1,0.043478260869565216,23,19,0.8260869565217391,23,1,0.043478260869565216,17,14,0.8235294117647058,23,19,0.8260869565217391,23,19,0.8260869565217391
1111510,5,2,0.4,5,1,0.2,5,0,0.0,5,4,0.8,5,0,0.0,5,0,0.0,5,4,0.8,5,5,1.0,3,3,1.0,5,5,1.0,5,5,1.0
1117203,10,5,0.5,10,2,0.2,10,0,0.0,10,9,0.9,10,8,0.8,10,6,0.6,10,0,0.0,10,6,0.6,7,7,1.0,10,5,0.5,10,7,0.7
1122743,13,2,0.15384615384615385,15,2,0.13333333333333333,15,4,0.26666666666666666,15,13,0.8666666666666667,15,12,0.8,15,6,0.4,15,6,0.4,15,8,0.5333333333333333,10,6,0.6,15,8,0.5333333333333333,15,12,0.8
1123270,20,8,0.4,22,2,0.09090909090909091,22,3,0.13636363636363635,22,17,0.7727272727272727,22,8,0.36363636363636365,22,1,0.045454545454545456,22,13,0.5909090909090909,22,14,0.6363636363636364,13,11,0.8461538461538461,22,12,0.5454545454545454,22,19,0.8636363636363636
1126144,7,1,0.14285714285714285,7,0,0.0,7,4,0.5714285714285714,7,5,0.7142857142857143,7,7,1.0,7,3,0.42857142857142855,7,2,0.2857142857142857,7,5,0.7142857142857143,4,4,1.0,7,4,0.5714285714285714,7,7,1.0
1127113,25,13,0.52,26,6,0.23076923076923078,24,2,0.08333333333333333,26,24,0.9230769230769231,26,19,0.7307692307692307,26,6,0.23076923076923078,26,14,0.5384615384615384,26,14,0.5384615384615384,22,16,0.7272727272727273,26,9,0.34615384615384615,26,23,0.8846153846153846
1127676,9,4,0.4444444444444444,10,5,0.5,7,1,0.14285714285714285,10,6,0.6,10,9,0.9,10,3,0.3,10,5,0.5,10,3,0.3,6,3,0.5,10,6,0.6,10,7,0.7
1128030,16,9,0.5625,17,0,0.0,16,0,0.0,17,16,0.9411764705882353,17,13,0.7647058823529411,17,4,0.23529411764705882,17,8,0.47058823529411764,17,9,0.5294117647058824,13,13,1.0,17,8,0.47058823529411764,17,16,0.9411764705882353
1128096,23,14,0.6086956521739131,25,3,0.12,23,0,0.0,25,19,0.76,25,23,0.92,25,11,0.44,25,12,0.48,25,10,0.4,17,7,0.4117647058823529,25,12,0.48,25,23,0.92
1128169,45,13,0.28888888888888886,47,15,0.3191489361702128,40,14,0.35,47,21,0.44680851063829785,47,30,0.6382978723404256,47,5,0.10638297872340426,47,29,0.6170212765957447,47,13,0.2765957446808511,27,21,0.7777777777777778,47,33,0.7021276595744681,47,38,0.8085106382978723
1128360,13,7,0.5384615384615384,13,4,0.3076923076923077,12,2,0.16666666666666666,13,7,0.5384615384615384,13,13,1.0,13,8,0.6153846153846154,13,3,0.23076923076923078,13,8,0.6153846153846154,8,6,0.75,13,4,0.3076923076923077,13,13,1.0
1128375,6,5,0.8333333333333334,6,0,0.0,6,0,0.0,6,2,0.3333333333333333,6,4,0.6666666666666666,6,1,0.16666666666666666,6,2,0.3333333333333333,6,1,0.16666666666666666,5,4,0.8,6,3,0.5,6,6,1.0
1128378,10,3,0.3,11,7,0.6363636363636364,10,4,0.4,11,7,0.6363636363636364,11,5,0.45454545454545453,11,2,0.18181818181818182,11,4,0.36363636363636365,11,3,0.2727272727272727,9,6,0.6666666666666666,11,6,0.5454545454545454,11,5,0.45454545454545453
1128936,10,4,0.4,12,2,0.16666666666666666,12,2,0.16666666666666666,12,9,0.75,12,8,0.6666666666666666,12,3,0.25,12,3,0.25,12,7,0.5833333333333334,10,6,0.6,12,5,0.4166666666666667,12,9,0.75
1128938,12,3,0.25,12,1,0.08333333333333333,12,3,0.25,12,3,0.25,12,11,0.9166666666666666,12,8,0.6666666666666666,12,3,0.25,12,2,0.16666666666666666,9,3,0.3333333333333333,12,5,0.4166666666666667,12,5,0.4166666666666667
1129073,11,6,0.5454545454545454,11,1,0.09090909090909091,9,2,0.2222222222222222,11,8,0.7272727272727273,11,7,0.6363636363636364,11,3,0.2727272727272727,11,4,0.36363636363636365,11,7,0.6363636363636364,7,6,0.8571428571428571,11,6,0.5454545454545454,11,10,0.9090909090909091
1131697,26,7,0.2692307692307692,25,10,0.4,23,6,0.2608695652173913,26,14,0.5384615384615384,26,20,0.7692307692307693,26,8,0.3076923076923077,26,9,0.34615384615384615,26,6,0.23076923076923078,17,5,0.29411764705882354,26,13,0.5,26,20,0.7692307692307693
1135958,1,0,0.0,3,0,0.0,3,0,0.0,3,3,1.0,3,2,0.6666666666666666,3,0,0.0,3,3,1.0,3,0,0.0,3,0,0.0,3,2,0.6666666666666666,3,3,1.0
1137846,22,9,0.4090909090909091,22,7,0.3181818181818182,22,1,0.045454545454545456,22,13,0.5909090909090909,22,18,0.8181818181818182,22,10,0.45454545454545453,22,4,0.18181818181818182,22,0,0.0,22,1,0.045454545454545456,22,10,0.45454545454545453,22,15,0.6818181818181818
1139335,4,4,1.0,4,0,0.0,3,0,0.0,4,2,0.5,4,4,1.0,4,2,0.5,4,2,0.5,4,0,0.0,4,0,0.0,4,4,1.0,4,4,1.0
1140021,16,4,0.25,18,2,0.1111111111111111,18,2,0.1111111111111111,18,7,0.3888888888888889,18,17,0.9444444444444444,18,13,0.7222222222222222,18,6,0.3333333333333333,18,0,0.0,17,0,0.0,18,10,0.5555555555555556,18,18,1.0
1142320,9,2,0.2222222222222222,10,1,0.1,9,1,0.1111111111111111,10,10,1.0,10,7,0.7,10,5,0.5,10,7,0.7,10,6,0.6,5,5,1.0,10,4,0.4,10,9,0.9
1151457,6,2,0.3333333333333333,6,0,0.0,5,0,0.0,6,5,0.8333333333333334,6,6,1.0,6,3,0.5,6,3,0.5,6,0,0.0,6,0,0.0,6,5,0.8333333333333334,6,6,1.0
1152312,4,0,0.0,4,3,0.75,4,1,0.25,4,3,0.75,4,3,0.75,4,2,0.5,4,1,0.25,4,2,0.5,3,1,0.3333333333333333,4,2,0.5,4,4,1.0
1152591,7,1,0.14285714285714285,7,1,0.14285714285714285,7,1,0.14285714285714285,7,4,0.5714285714285714,7,7,1.0,7,2,0.2857142857142857,7,0,0.0,7,0,0.0,7,0,0.0,7,6,0.8571428571428571,7,5,0.7142857142857143
1152637,14,1,0.07142857142857142,15,7,0.4666666666666667,15,2,0.13333333333333333,15,5,0.3333333333333333,15,15,1.0,15,6,0.4,15,5,0.3333333333333333,15,3,0.2,13,12,0.9230769230769231,15,12,0.8,15,11,0.7333333333333333
1152880,24,18,0.75,26,2,0.07692307692307693,25,0,0.0,26,25,0.9615384615384616,26,7,0.2692307692307692,26,3,0.11538461538461539,26,10,0.38461538461538464,26,19,0.7307692307692307,19,12,0.631578947368421,26,18,0.6923076923076923,26,24,0.9230769230769231
1153801,31,13,0.41935483870967744,33,10,0.30303030303030304,28,3,0.10714285714285714,33,22,0.6666666666666666,33,25,0.7575757575757576,33,9,0.2727272727272727,33,17,0.5151515151515151,33,21,0.6363636363636364,14,6,0.42857142857142855,33,15,0.45454545454545453,33,26,0.7878787878787878
1154825,18,6,0.3333333333333333,18,1,0.05555555555555555,18,0,0.0,18,14,0.7777777777777778,18,14,0.7777777777777778,18,9,0.5,18,4,0.2222222222222222,18,1,0.05555555555555555,17,3,0.17647058823529413,18,9,0.5,18,18,1.0
1155366,16,8,0.5,16,1,0.0625,16,0,0.0,16,14,0.875,16,11,0.6875,16,5,0.3125,16,6,0.375,16,2,0.125,13,8,0.6153846153846154,16,5,0.3125,16,8,0.5
1156565,4,1,0.25,3,0,0.0,3,1,0.3333333333333333,4,3,0.75,4,2,0.5,4,2,0.5,4,0,0.0,4,1,0.25,3,2,0.6666666666666666,4,3,0.75,4,4,1.0
1156623,6,1,0.16666666666666666,7,2,0.2857142857142857,6,0,0.0,7,5,0.7142857142857143,7,7,1.0,7,5,0.7142857142857143,7,4,0.5714285714285714,7,2,0.2857142857142857,6,6,1.0,7,2,0.2857142857142857,7,7,1.0
1160182,7,3,0.42857142857142855,7,0,0.0,7,0,0.0,7,5,0.7142857142857143,7,7,1.0,7,4,0.5714285714285714,7,3,0.42857142857142855,7,2,0.2857142857142857,7,1,0.14285714285714285,7,1,0.14285714285714285,7,6,0.8571428571428571
1160371,26,9,0.34615384615384615,29,6,0.20689655172413793,27,1,0.037037037037037035,29,25,0.8620689655172413,29,21,0.7241379310344828,29,11,0.3793103448275862,29,14,0.4827586206896552,29,14,0.4827586206896552,28,17,0.6071428571428571,29,10,0.3448275862068966,29,19,0.6551724137931034
1160424,5,4,0.8,5,0,0.0,5,0,0.0,5,2,0.4,5,5,1.0,5,5,1.0,5,2,0.4,5,4,0.8,2,2,1.0,5,2,0.4,5,4,0.8
1160481,4,2,0.5,5,0,0.0,5,0,0.0,5,5,1.0,5,4,0.8,5,0,0.0,5,2,0.4,5,0,0.0,5,0,0.0,5,4,0.8,5,4,0.8
1160830,311,89,0.2861736334405145,316,59,0.18670886075949367,296,46,0.1554054054054054,323,200,0.6191950464396285,323,274,0.848297213622291,323,156,0.48297213622291024,323,48,0.14860681114551083,323,5,0.015479876160990712,319,26,0.08150470219435736,323,171,0.5294117647058824,323,278,0.8606811145510835
1160979,18,11,0.6111111111111112,20,1,0.05,18,2,0.1111111111111111,21,19,0.9047619047619048,21,11,0.5238095238095238,21,4,0.19047619047619047,21,9,0.42857142857142855,21,4,0.19047619047619047,19,13,0.6842105263157895,21,6,0.2857142857142857,21,17,0.8095238095238095
1161404,26,8,0.3076923076923077,28,5,0.17857142857142858,27,6,0.2222222222222222,28,21,0.75,28,23,0.8214285714285714,28,14,0.5,28,21,0.75,28,8,0.2857142857142857,17,11,0.6470588235294118,28,18,0.6428571428571429,28,25,0.8928571428571429
1166758,18,6,0.3333333333333333,18,0,0.0,17,0,0.0,18,14,0.7777777777777778,18,17,0.9444444444444444,18,10,0.5555555555555556,18,5,0.2777777777777778,18,0,0.0,18,8,0.4444444444444444,18,11,0.6111111111111112,18,12,0.6666666666666666
1168573,9,9,1.0,9,0,0.0,7,0,0.0,9,9,1.0,9,9,1.0,9,6,0.6666666666666666,9,4,0.4444444444444444,9,2,0.2222222222222222,6,3,0.5,9,1,0.1111111111111111,9,5,0.5555555555555556
1172590,105,38,0.3619047619047619,109,18,0.1651376146788991,98,10,0.10204081632653061,114,87,0.7631578947368421,114,103,0.9035087719298246,114,50,0.43859649122807015,114,21,0.18421052631578946,114,4,0.03508771929824561,113,7,0.061946902654867256,114,53,0.4649122807017544,114,92,0.8070175438596491
1179877,29,19,0.6551724137931034,31,3,0.0967741935483871,30,1,0.03333333333333333,33,28,0.8484848484848485,33,22,0.6666666666666666,33,12,0.36363636363636365,33,7,0.21212121212121213,33,9,0.2727272727272727,22,8,0.36363636363636365,33,21,0.6363636363636364,33,31,0.9393939393939394
1181042,19,9,0.47368421052631576,20,3,0.15,18,2,0.1111111111111111,20,11,0.55,20,15,0.75,20,5,0.25,20,10,0.5,20,9,0.45,12,8,0.6666666666666666,20,14,0.7,20,17,0.85
1182640,15,7,0.4666666666666667,18,3,0.16666666666666666,18,2,0.1111111111111111,18,15,0.8333333333333334,18,11,0.6111111111111112,18,5,0.2777777777777778,18,3,0.16666666666666666,18,3,0.16666666666666666,16,4,0.25,18,8,0.4444444444444444,18,15,0.8333333333333334
1182765,13,4,0.3076923076923077,13,2,0.15384615384615385,13,1,0.07692307692307693,13,11,0.8461538461538461,13,11,0.8461538461538461,13,8,0.6153846153846154,13,9,0.6923076923076923,13,5,0.38461538461538464,8,6,0.75,13,5,0.38461538461538464,13,10,0.7692307692307693
1184450,24,15,0.625,25,3,0.12,24,0,0.0,25,25,1.0,25,9,0.36,25,1,0.04,25,14,0.56,25,13,0.52,22,22,1.0,25,13,0.52,25,20,0.8
1185309,5,3,0.6,5,1,0.2,5,0,0.0,5,4,0.8,5,5,1.0,5,3,0.6,5,0,0.0,5,0,0.0,5,1,0.2,5,1,0.2,5,5,1.0
1185450,0,0,,0,0,,0,0,,0,0,,0,0,,0,0,,0,0,,0,0,,0,0,,0,0,,0,0,
1188419,11,3,0.2727272727272727,12,3,0.25,11,2,0.18181818181818182,12,11,0.9166666666666666,12,4,0.3333333333333333,12,0,0.0,12,7,0.5833333333333334,12,4,0.3333333333333333,10,5,0.5,12,9,0.75,12,9,0.75
1190159,889,288,0.32395950506186727,924,154,0.16666666666666666,864,83,0.09606481481481481,949,639,0.6733403582718651,949,838,0.8830347734457323,949,499,0.5258166491043204,949,148,0.1559536354056902,949,19,0.020021074815595362,940,102,0.10851063829787234,949,471,0.49631190727081137,949,796,0.8387776606954689
1193885,5,3,0.6,6,1,0.16666666666666666,6,2,0.3333333333333333,6,2,0.3333333333333333,6,6,1.0,6,4,0.6666666666666666,6,2,0.3333333333333333,6,0,0.0,6,0,0.0,6,1,0.16666666666666666,6,5,0.8333333333333334
1202856,39,11,0.28205128205128205,37,6,0.16216216216216217,38,3,0.07894736842105263,40,29,0.725,40,35,0.875,40,24,0.6,40,9,0.225,40,0,0.0,40,1,0.025,40,19,0.475,40,30,0.75
1203136,25,6,0.24,26,5,0.19230769230769232,23,0,0.0,27,20,0.7407407407407407,27,25,0.9259259259259259,27,20,0.7407407407407407,27,8,0.2962962962962963,27,0,0.0,27,1,0.037037037037037035,27,11,0.4074074074074074,27,18,0.6666666666666666
1205924,21,7,0.3333333333333333,20,4,0.2,21,1,0.047619047619047616,21,8,0.38095238095238093,21,20,0.9523809523809523,21,17,0.8095238095238095,21,4,0.19047619047619047,21,0,0.0,21,1,0.047619047619047616,21,14,0.6666666666666666,21,17,0.8095238095238095
1214485,7,2,0.2857142857142857,7,3,0.42857142857142855,6,0,0.0,7,5,0.7142857142857143,7,6,0.8571428571428571,7,4,0.5714285714285714,7,3,0.42857142857142855,7,0,0.0,6,3,0.5,7,5,0.7142857142857143,7,7,1.0
1258370,4,1,0.25,4,1,0.25,4,1,0.25,4,4,1.0,4,4,1.0,4,1,0.25,4,3,0.75,4,0,0.0,4,0,0.0,4,1,0.25,4,4,1.0
1260434,10,3,0.3,11,4,0.36363636363636365,11,4,0.36363636363636365,11,6,0.5454545454545454,11,10,0.9090909090909091,11,3,0.2727272727272727,11,5,0.45454545454545453,11,1,0.09090909090909091,7,3,0.42857142857142855,11,8,0.7272727272727273,11,9,0.8181818181818182
1264321,6,0,0.0,6,3,0.5,5,1,0.2,6,3,0.5,6,5,0.8333333333333334,6,2,0.3333333333333333,6,1,0.16666666666666666,6,3,0.5,1,1,1.0,6,4,0.6666666666666666,6,5,0.8333333333333334
1264336,6,5,0.8333333333333334,6,0,0.0,6,0,0.0,6,6,1.0,6,3,0.5,6,1,0.16666666666666666,6,4,0.6666666666666666,6,4,0.6666666666666666,5,2,0.4,6,1,0.16666666666666666,6,5,0.8333333333333334
1266766,49,8,0.16326530612244897,48,13,0.2708333333333333,48,6,0.125,50,18,0.36,50,48,0.96,50,37,0.74,50,3,0.06,50,2,0.04,48,1,0.020833333333333332,50,25,0.5,50,42,0.84
1268237,0,0,,0,0,,0,0,,0,0,,0,0,,0,0,,0,0,,0,0,,0,0,,0,0,,0,0,
1270326,3,2,0.6666666666666666,3,0,0.0,3,0,0.0,3,1,0.3333333333333333,3,3,1.0,3,2,0.6666666666666666,3,3,1.0,3,1,0.3333333333333333,2,2,1.0,3,2,0.6666666666666666,3,3,1.0
1270371,11,4,0.36363636363636365,12,5,0.4166666666666667,12,4,0.3333333333333333,12,4,0.3333333333333333,12,7,0.5833333333333334,12,3,0.25,12,4,0.3333333333333333,12,3,0.25,8,6,0.75,12,9,0.75,12,6,0.5
1284904,5,4,0.8,5,0,0.0,5,0,0.0,5,5,1.0,5,2,0.4,5,1,0.2,5,2,0.4,5,4,0.8,2,2,1.0,5,4,0.8,5,5,1.0
1285866,378,84,0.2222222222222222,382,97,0.25392670157068065,361,60,0.16620498614958448,387,176,0.45478036175710596,387,331,0.8552971576227391,387,222,0.5736434108527132,387,26,0.06718346253229975,387,7,0.01808785529715762,380,25,0.06578947368421052,387,195,0.5038759689922481,387,332,0.8578811369509044
1292570,554,150,0.27075812274368233,566,89,0.15724381625441697,525,48,0.09142857142857143,587,344,0.58603066439523,587,541,0.9216354344122658,587,345,0.5877342419080068,587,80,0.1362862010221465,587,18,0.030664395229982964,575,49,0.08521739130434783,587,239,0.4071550255536627,587,481,0.8194207836456558
1292767,10,6,0.6,11,0,0.0,11,0,0.0,11,11,1.0,11,5,0.45454545454545453,11,0,0.0,11,9,0.8181818181818182,11,9,0.8181818181818182,8,7,0.875,11,10,0.9090909090909091,11,11,1.0
1292902,11,5,0.45454545454545453,11,2,0.18181818181818182,11,2,0.18181818181818182,11,6,0.5454545454545454,11,11,1.0,11,8,0.7272727272727273,11,2,0.18181818181818182,11,3,0.2727272727272727,4,3,0.75,11,4,0.36363636363636365,11,7,0.6363636363636364
1296649,91,18,0.1978021978021978,91,25,0.27472527472527475,86,15,0.1744186046511628,94,52,0.5531914893617021,94,87,0.925531914893617,94,55,0.5851063829787234,94,7,0.07446808510638298,94,2,0.02127659574468085,90,4,0.044444444444444446,94,45,0.4787234042553192,94,76,0.8085106382978723
1298841,9,0,0.0,10,2,0.2,10,0,0.0,10,5,0.5,10,9,0.9,10,5,0.5,10,1,0.1,10,1,0.1,9,0,0.0,10,4,0.4,10,8,0.8
1300008,53,12,0.22641509433962265,56,8,0.14285714285714285,52,3,0.057692307692307696,56,29,0.5178571428571429,56,51,0.9107142857142857,56,37,0.6607142857142857,56,7,0.125,56,0,0.0,56,0,0.0,56,25,0.44642857142857145,56,45,0.8035714285714286
1300375,27,10,0.37037037037037035,28,5,0.17857142857142858,24,3,0.125,28,21,0.75,28,16,0.5714285714285714,28,5,0.17857142857142858,28,18,0.6428571428571429,28,11,0.39285714285714285,26,14,0.5384615384615384,28,14,0.5,28,21,0.75
1304557,15,4,0.26666666666666666,15,3,0.2,14,4,0.2857142857142857,16,13,0.8125,16,6,0.375,16,1,0.0625,16,11,0.6875,16,6,0.375,12,10,0.8333333333333334,16,9,0.5625,16,11,0.6875
1312211,8,4,0.5,8,3,0.375,8,1,0.125,8,7,0.875,8,6,0.75,8,4,0.5,8,4,0.5,8,1,0.125,4,4,1.0,8,5,0.625,8,8,1.0
1313067,26,7,0.2692307692307692,25,6,0.24,23,1,0.043478260869565216,26,15,0.5769230769230769,26,26,1.0,26,20,0.7692307692307693,26,10,0.38461538461538464,26,0,0.0,26,3,0.11538461538461539,26,7,0.2692307692307692,26,16,0.6153846153846154
1313355,10,6,0.6,10,1,0.1,9,1,0.1111111111111111,10,3,0.3,10,8,0.8,10,6,0.6,10,5,0.5,10,5,0.5,8,7,0.875,10,2,0.2,10,7,0.7
1313360,10,6,0.6,10,1,0.1,7,0,0.0,10,7,0.7,10,7,0.7,10,5,0.5,10,4,0.4,10,5,0.5,6,4,0.6666666666666666,10,7,0.7,10,9,0.9
1315060,971,263,0.2708547888774459,983,180,0.18311291963377416,930,104,0.11182795698924732,1007,449,0.4458788480635551,1007,928,0.9215491559086395,1007,596,0.5918570009930486,1007,101,0.1002979145978153,1007,49,0.04865938430983118,953,67,0.07030430220356768,1007,505,0.5014895729890765,1007,888,0.8818272095332671
1321332,18,5,0.2777777777777778,17,1,0.058823529411764705,16,1,0.0625,18,11,0.6111111111111112,18,13,0.7222222222222222,18,5,0.2777777777777778,18,7,0.3888888888888889,18,13,0.7222222222222222,15,13,0.8666666666666667,18,7,0.3888888888888889,18,16,0.8888888888888888
1321334,3,1,0.3333333333333333,3,0,0.0,3,1,0.3333333333333333,3,2,0.6666666666666666,3,2,0.6666666666666666,3,2,0.6666666666666666,3,1,0.3333333333333333,3,0,0.0,3,0,0.0,3,1,0.3333333333333333,3,2,0.6666666666666666
1321678,4,1,0.25,4,1,0.25,3,0,0.0,4,2,0.5,4,4,1.0,4,3,0.75,4,0,0.0,4,0,0.0,4,0,0.0,4,0,0.0,4,4,1.0
1327336,11,3,0.2727272727272727,11,2,0.18181818181818182,10,1,0.1,11,8,0.7272727272727273,11,5,0.45454545454545453,11,0,0.0,11,6,0.5454545454545454,11,6,0.5454545454545454,11,6,0.5454545454545454,11,4,0.36363636363636365,11,10,0.9090909090909091
1327524,12,6,0.5,12,0,0.0,12,0,0.0,12,12,1.0,12,10,0.8333333333333334,12,5,0.4166666666666667,12,1,0.08333333333333333,12,0,0.0,12,2,0.16666666666666666,12,4,0.3333333333333333,12,10,0.8333333333333334
1330050,71,26,0.36619718309859156,75,13,0.17333333333333334,70,6,0.08571428571428572,75,44,0.5866666666666667,75,61,0.8133333333333334,75,37,0.49333333333333335,75,10,0.13333333333333333,75,3,0.04,75,9,0.12,75,38,0.5066666666666667,75,61,0.8133333333333334
1330203,0,0,,0,0,,0,0,,0,0,,0,0,,0,0,,0,0,,0,0,,0,0,,0,0,,0,0,
1330366,2,1,0.5,2,1,0.5,2,1,0.5,2,2,1.0,2,2,1.0,2,2,1.0,2,0,0.0,2,1,0.5,1,1,1.0,2,1,0.5,2,2,1.0
1330369,3,1,0.3333333333333333,3,2,0.6666666666666666,3,1,0.3333333333333333,3,2,0.6666666666666666,3,2,0.6666666666666666,3,0,0.0,3,1,0.3333333333333333,3,2,0.6666666666666666,2,1,0.5,3,2,0.6666666666666666,3,2,0.6666666666666666
1330372,3,2,0.6666666666666666,3,0,0.0,3,0,0.0,3,1,0.3333333333333333,3,2,0.6666666666666666,3,1,0.3333333333333333,3,1,0.3333333333333333,3,3,1.0,1,1,1.0,3,2,0.6666666666666666,3,3,1.0
1330384,17,9,0.5294117647058824,17,2,0.11764705882352941,16,3,0.1875,17,15,0.8823529411764706,17,13,0.7647058823529411,17,6,0.35294117647058826,17,12,0.7058823529411765,17,11,0.6470588235294118,14,6,0.42857142857142855,17,8,0.47058823529411764,17,16,0.9411764705882353
1331356,13,4,0.3076923076923077,12,0,0.0,10,2,0.2,14,7,0.5,14,11,0.7857142857142857,14,6,0.42857142857142855,14,3,0.21428571428571427,14,5,0.35714285714285715,13,4,0.3076923076923077,14,6,0.42857142857142855,14,14,1.0
1332695,17,11,0.6470588235294118,18,2,0.1111111111111111,17,3,0.17647058823529413,18,13,0.7222222222222222,18,11,0.6111111111111112,18,5,0.2777777777777778,18,2,0.1111111111111111,18,7,0.3888888888888889,13,6,0.46153846153846156,18,9,0.5,18,16,0.8888888888888888
1333201,17,5,0.29411764705882354,17,3,0.17647058823529413,14,0,0.0,17,11,0.6470588235294118,17,15,0.8823529411764706,17,7,0.4117647058823529,17,9,0.5294117647058824,17,10,0.5882352941176471,9,7,0.7777777777777778,17,11,0.6470588235294118,17,15,0.8823529411764706
1338287,3,2,0.6666666666666666,3,1,0.3333333333333333,3,0,0.0,3,1,0.3333333333333333,3,2,0.6666666666666666,3,1,0.3333333333333333,3,0,0.0,3,0,0.0,0,0,,3,2,0.6666666666666666,3,2,0.6666666666666666
1340989,16,6,0.375,15,5,0.3333333333333333,15,2,0.13333333333333333,16,14,0.875,16,11,0.6875,16,3,0.1875,16,8,0.5,16,9,0.5625,10,8,0.8,16,8,0.5,16,13,0.8125
1341230,12,7,0.5833333333333334,11,2,0.18181818181818182,11,0,0.0,12,11,0.9166666666666666,12,2,0.16666666666666666,12,0,0.0,12,5,0.4166666666666667,12,4,0.3333333333333333,10,10,1.0,12,9,0.75,12,11,0.9166666666666666
1341347,12,7,0.5833333333333334,12,2,0.16666666666666666,13,4,0.3076923076923077,13,8,0.6153846153846154,13,12,0.9230769230769231,13,9,0.6923076923076923,13,5,0.38461538461538464,13,3,0.23076923076923078,8,6,0.75,13,4,0.3076923076923077,13,10,0.7692307692307693
1349112,12,2,0.16666666666666666,12,4,0.3333333333333333,11,2,0.18181818181818182,12,6,0.5,12,11,0.9166666666666666,12,8,0.6666666666666666,12,2,0.16666666666666666,12,0,0.0,11,1,0.09090909090909091,12,5,0.4166666666666667,12,10,0.8333333333333334
1350689,7,5,0.7142857142857143,7,0,0.0,7,1,0.14285714285714285,7,6,0.8571428571428571,7,2,0.2857142857142857,7,0,0.0,7,0,0.0,7,4,0.5714285714285714,6,3,0.5,7,4,0.5714285714285714,7,7,1.0
1366967,17,6,0.35294117647058826,17,3,0.17647058823529413,17,3,0.17647058823529413,17,8,0.47058823529411764,17,14,0.8235294117647058,17,9,0.5294117647058824,17,10,0.5882352941176471,17,9,0.5294117647058824,12,9,0.75,17,6,0.35294117647058826,17,16,0.9411764705882353
1375344,24,9,0.375,26,4,0.15384615384615385,23,3,0.13043478260869565,26,12,0.46153846153846156,26,23,0.8846153846153846,26,15,0.5769230769230769,26,2,0.07692307692307693,26,0,0.0,26,1,0.038461538461538464,26,13,0.5,26,24,0.9230769230769231
1379285,61,17,0.2786885245901639,63,13,0.20634920634920634,58,9,0.15517241379310345,64,37,0.578125,64,58,0.90625,64,37,0.578125,64,8,0.125,64,2,0.03125,64,4,0.0625,64,39,0.609375,64,51,0.796875
1382647,9,0,0.0,9,4,0.4444444444444444,9,3,0.3333333333333333,9,1,0.1111111111111111,9,7,0.7777777777777778,9,3,0.3333333333333333,9,1,0.1111111111111111,9,0,0.0,9,1,0.1111111111111111,9,6,0.6666666666666666,9,8,0.8888888888888888
1382815,4,3,0.75,4,0,0.0,4,0,0.0,4,2,0.5,4,4,1.0,4,4,1.0,4,1,0.25,4,0,0.0,4,0,0.0,4,4,1.0,4,2,0.5
1385337,0,0,,0,0,,0,0,,0,0,,0,0,,0,0,,0,0,,0,0,,0,0,,0,0,,0,0,
1387235,8,3,0.375,8,1,0.125,6,1,0.16666666666666666,8,7,0.875,8,8,1.0,8,3,0.375,8,3,0.375,8,4,0.5,6,4,0.6666666666666666,8,4,0.5,8,5,0.625
1396228,17,6,0.35294117647058826,18,1,0.05555555555555555,17,1,0.058823529411764705,18,13,0.7222222222222222,18,16,0.8888888888888888,18,12,0.6666666666666666,18,1,0.05555555555555555,18,0,0.0,18,1,0.05555555555555555,18,11,0.6111111111111112,18,13,0.7222222222222222
1399848,11,6,0.5454545454545454,13,2,0.15384615384615385,11,0,0.0,13,11,0.8461538461538461,13,5,0.38461538461538464,13,1,0.07692307692307693,13,8,0.6153846153846154,13,12,0.9230769230769231,11,11,1.0,13,7,0.5384615384615384,13,13,1.0
1401623,298,75,0.2516778523489933,306,52,0.16993464052287582,290,38,0.1310344827586207,308,122,0.3961038961038961,308,291,0.9448051948051948,308,220,0.7142857142857143,308,77,0.25,308,0,0.0,308,2,0.006493506493506494,308,165,0.5357142857142857,308,219,0.711038961038961
1405215,21,7,0.3333333333333333,23,2,0.08695652173913043,21,1,0.047619047619047616,25,17,0.68,25,25,1.0,25,14,0.56,25,2,0.08,25,0,0.0,25,3,0.12,25,12,0.48,25,20,0.8
1406007,3,1,0.3333333333333333,3,1,0.3333333333333333,3,0,0.0,3,1,0.3333333333333333,3,3,1.0,3,3,1.0,3,0,0.0,3,0,0.0,3,0,0.0,3,2,0.6666666666666666,3,3,1.0
1406064,0,0,,0,0,,0,0,,0,0,,0,0,,0,0,,0,0,,0,0,,0,0,,0,0,,0,0,
1407205,0,0,,0,0,,0,0,,0,0,,0,0,,0,0,,0,0,,0,0,,0,0,,0,0,,0,0,
1414995,8,5,0.625,9,2,0.2222222222222222,9,0,0.0,9,6,0.6666666666666666,9,7,0.7777777777777778,9,3,0.3333333333333333,9,2,0.2222222222222222,9,2,0.2222222222222222,4,3,0.75,9,6,0.6666666666666666,9,7,0.7777777777777778
1416142,9,2,0.2222222222222222,9,0,0.0,8,0,0.0,9,7,0.7777777777777778,9,8,0.8888888888888888,9,4,0.4444444444444444,9,0,0.0,9,0,0.0,9,2,0.2222222222222222,9,2,0.2222222222222222,9,5,0.5555555555555556
1419680,13,4,0.3076923076923077,14,1,0.07142857142857142,11,0,0.0,14,11,0.7857142857142857,14,12,0.8571428571428571,14,8,0.5714285714285714,14,7,0.5,14,0,0.0,14,6,0.42857142857142855,14,9,0.6428571428571429,14,14,1.0
1419827,8,4,0.5,7,2,0.2857142857142857,7,1,0.14285714285714285,8,4,0.5,8,8,1.0,8,3,0.375,8,2,0.25,8,1,0.125,7,1,0.14285714285714285,8,5,0.625,8,6,0.75
1420449,4,0,0.0,4,0,0.0,4,1,0.25,4,2,0.5,4,4,1.0,4,4,1.0,4,0,0.0,4,3,0.75,4,2,0.5,4,0,0.0,4,2,0.5
1420637,16,7,0.4375,14,3,0.21428571428571427,13,1,0.07692307692307693,16,11,0.6875,16,16,1.0,16,10,0.625,16,7,0.4375,16,8,0.5,15,11,0.7333333333333333,16,6,0.375,16,10,0.625
1439555,30,11,0.36666666666666664,30,4,0.13333333333333333,29,1,0.034482758620689655,30,24,0.8,30,29,0.9666666666666667,30,14,0.4666666666666667,30,3,0.1,30,0,0.0,29,0,0.0,30,16,0.5333333333333333,30,22,0.7333333333333333
1441230,12,6,0.5,12,1,0.08333333333333333,12,0,0.0,12,9,0.75,12,9,0.75,12,7,0.5833333333333334,12,2,0.16666666666666666,12,0,0.0,12,0,0.0,12,6,0.5,12,9,0.75
1442119,22,12,0.5454545454545454,18,3,0.16666666666666666,17,2,0.11764705882352941,23,19,0.8260869565217391,23,19,0.8260869565217391,23,13,0.5652173913043478,23,14,0.6086956521739131,23,4,0.17391304347826086,20,9,0.45,23,15,0.6521739130434783,23,22,0.9565217391304348
1442126,3,1,0.3333333333333333,3,0,0.0,2,0,0.0,3,1,0.3333333333333333,3,3,1.0,3,2,0.6666666666666666,3,2,0.6666666666666666,3,0,0.0,3,0,0.0,3,1,0.3333333333333333,3,2,0.6666666666666666
1442906,20,11,0.55,19,2,0.10526315789473684,18,1,0.05555555555555555,22,20,0.9090909090909091,22,13,0.5909090909090909,22,3,0.13636363636363635,22,15,0.6818181818181818,22,5,0.22727272727272727,18,13,0.7222222222222222,22,12,0.5454545454545454,22,19,0.8636363636363636
1442928,4,0,0.0,4,0,0.0,3,0,0.0,5,2,0.4,5,3,0.6,5,2,0.4,5,0,0.0,5,0,0.0,5,0,0.0,5,3,0.6,5,5,1.0
1445889,3,2,0.6666666666666666,3,1,0.3333333333333333,3,0,0.0,3,2,0.6666666666666666,3,2,0.6666666666666666,3,2,0.6666666666666666,3,0,0.0,3,1,0.3333333333333333,2,2,1.0,3,2,0.6666666666666666,3,3,1.0
1451120,47,25,0.5319148936170213,52,4,0.07692307692307693,46,0,0.0,53,45,0.8490566037735849,53,43,0.8113207547169812,53,12,0.22641509433962265,53,4,0.07547169811320754,53,0,0.0,53,1,0.018867924528301886,53,20,0.37735849056603776,53,45,0.8490566037735849
1452609,7,3,0.42857142857142855,7,2,0.2857142857142857,7,1,0.14285714285714285,7,3,0.42857142857142855,7,6,0.8571428571428571,7,4,0.5714285714285714,7,0,0.0,7,1,0.14285714285714285,5,3,0.6,7,5,0.7142857142857143,7,7,1.0
1453816,9,5,0.5555555555555556,9,2,0.2222222222222222,7,2,0.2857142857142857,9,6,0.6666666666666666,9,6,0.6666666666666666,9,1,0.1111111111111111,9,3,0.3333333333333333,9,3,0.3333333333333333,5,4,0.8,9,5,0.5555555555555556,9,5,0.5555555555555556
1454028,0,0,,0,0,,0,0,,0,0,,0,0,,0,0,,0,0,,0,0,,0,0,,0,0,,0,0,
1454137,1,1,1.0,1,0,0.0,1,0,0.0,1,0,0.0,1,1,1.0,1,0,0.0,1,0,0.0,1,0,0.0,1,0,0.0,1,1,1.0,1,1,1.0
1457027,10,3,0.3,10,2,0.2,8,1,0.125,10,5,0.5,10,10,1.0,10,8,0.8,10,1,0.1,10,2,0.2,9,6,0.6666666666666666,10,4,0.4,10,8,0.8
1457037,2,2,1.0,3,0,0.0,3,0,0.0,3,2,0.6666666666666666,3,3,1.0,3,2,0.6666666666666666,3,1,0.3333333333333333,3,0,0.0,2,1,0.5,3,2,0.6666666666666666,3,3,1.0
1457167,20,8,0.4,21,5,0.23809523809523808,21,4,0.19047619047619047,22,16,0.7272727272727273,22,13,0.5909090909090909,22,6,0.2727272727272727,22,6,0.2727272727272727,22,6,0.2727272727272727,13,12,0.9230769230769231,22,14,0.6363636363636364,22,22,1.0
1457267,3,2,0.6666666666666666,3,0,0.0,3,0,0.0,3,3,1.0,3,0,0.0,3,0,0.0,3,1,0.3333333333333333,3,2,0.6666666666666666,2,2,1.0,3,0,0.0,3,3,1.0
1458143,1,0,0.0,3,1,0.3333333333333333,3,0,0.0,3,2,0.6666666666666666,3,2,0.6666666666666666,3,0,0.0,3,1,0.3333333333333333,3,1,0.3333333333333333,3,3,1.0,3,3,1.0,3,3,1.0
1458481,3,0,0.0,4,2,0.5,3,0,0.0,4,2,0.5,4,3,0.75,4,0,0.0,4,2,0.5,4,0,0.0,4,1,0.25,4,2,0.5,4,3,0.75
1458668,8,1,0.125,9,0,0.0,8,2,0.25,9,3,0.3333333333333333,9,9,1.0,9,6,0.6666666666666666,9,2,0.2222222222222222,9,0,0.0,8,1,0.125,9,6,0.6666666666666666,9,9,1.0
1465529,7,1,0.14285714285714285,8,4,0.5,8,3,0.375,8,2,0.25,8,8,1.0,8,6,0.75,8,0,0.0,8,0,0.0,8,0,0.0,8,2,0.25,8,4,0.5
1467890,2,0,0.0,2,1,0.5,2,1,0.5,2,2,1.0,2,2,1.0,2,1,0.5,2,0,0.0,2,0,0.0,2,0,0.0,2,0,0.0,2,2,1.0
1468161,4,3,0.75,4,0,0.0,4,0,0.0,4,2,0.5,4,4,1.0,4,2,0.5,4,3,0.75,4,0,0.0,4,0,0.0,4,4,1.0,4,4,1.0
1472818,12,3,0.25,12,2,0.16666666666666666,10,0,0.0,12,7,0.5833333333333334,12,11,0.9166666666666666,12,4,0.3333333333333333,12,4,0.3333333333333333,12,3,0.25,12,0,0.0,12,6,0.5,12,8,0.6666666666666666
1473015,9,4,0.4444444444444444,9,2,0.2222222222222222,8,1,0.125,9,6,0.6666666666666666,9,6,0.6666666666666666,9,3,0.3333333333333333,9,1,0.1111111111111111,9,0,0.0,9,0,0.0,9,5,0.5555555555555556,9,9,1.0
1473185,0,0,,0,0,,0,0,,0,0,,0,0,,0,0,,0,0,,0,0,,0,0,,0,0,,0,0,
1477654,27,9,0.3333333333333333,28,8,0.2857142857142857,26,3,0.11538461538461539,29,25,0.8620689655172413,29,21,0.7241379310344828,29,14,0.4827586206896552,29,9,0.3103448275862069,29,2,0.06896551724137931,28,16,0.5714285714285714,29,19,0.6551724137931034,29,26,0.896551724137931
1483407,9,2,0.2222222222222222,7,2,0.2857142857142857,6,3,0.5,9,6,0.6666666666666666,9,9,1.0,9,5,0.5555555555555556,9,5,0.5555555555555556,9,1,0.1111111111111111,9,0,0.0,9,2,0.2222222222222222,9,7,0.7777777777777778
1483490,13,4,0.3076923076923077,12,2,0.16666666666666666,12,1,0.08333333333333333,13,7,0.5384615384615384,13,11,0.8461538461538461,13,6,0.46153846153846156,13,4,0.3076923076923077,13,1,0.07692307692307693,13,3,0.23076923076923078,13,6,0.46153846153846156,13,10,0.7692307692307693
1483500,8,5,0.625,10,0,0.0,7,1,0.14285714285714285,11,10,0.9090909090909091,11,7,0.6363636363636364,11,4,0.36363636363636365,11,1,0.09090909090909091,11,1,0.09090909090909091,11,1,0.09090909090909091,11,4,0.36363636363636365,11,9,0.8181818181818182
1483518,1,1,1.0,1,0,0.0,1,0,0.0,1,1,1.0,1,1,1.0,1,1,1.0,1,0,0.0,1,0,0.0,1,0,0.0,1,0,0.0,1,1,1.0
1485453,0,0,,0,0,,0,0,,0,0,,0,0,,0,0,,0,0,,0,0,,0,0,,0,0,,0,0,
1486952,14,7,0.5,13,1,0.07692307692307693,13,1,0.07692307692307693,14,9,0.6428571428571429,14,11,0.7857142857142857,14,6,0.42857142857142855,14,8,0.5714285714285714,14,9,0.6428571428571429,8,6,0.75,14,6,0.42857142857142855,14,12,0.8571428571428571
1487060,9,2,0.2222222222222222,9,4,0.4444444444444444,8,1,0.125,11,7,0.6363636363636364,11,9,0.8181818181818182,11,7,0.6363636363636364,11,0,0.0,11,1,0.09090909090909091,11,0,0.0,11,8,0.7272727272727273,11,7,0.6363636363636364
1487353,4,0,0.0,4,1,0.25,4,1,0.25,5,4,0.8,5,4,0.8,5,3,0.6,5,2,0.4,5,0,0.0,5,0,0.0,5,3,0.6,5,5,1.0
1488240,6,5,0.8333333333333334,6,0,0.0,5,2,0.4,6,3,0.5,6,6,1.0,6,3,0.5,6,2,0.3333333333333333,6,4,0.6666666666666666,5,5,1.0,6,2,0.3333333333333333,6,6,1.0
1488974,14,6,0.42857142857142855,13,1,0.07692307692307693,12,0,0.0,14,7,0.5,14,14,1.0,14,8,0.5714285714285714,14,1,0.07142857142857142,14,0,0.0,14,0,0.0,14,9,0.6428571428571429,14,11,0.7857142857142857
1497052,2,0,0.0,2,1,0.5,1,0,0.0,2,2,1.0,2,2,1.0,2,1,0.5,2,2,1.0,2,0,0.0,2,0,0.0,2,0,0.0,2,2,1.0
1499549,7,3,0.42857142857142855,7,3,0.42857142857142855,7,0,0.0,7,4,0.5714285714285714,7,7,1.0,7,5,0.7142857142857143,7,3,0.42857142857142855,7,0,0.0,7,0,0.0,7,4,0.5714285714285714,7,5,0.7142857142857143
1506116,13,3,0.23076923076923078,14,5,0.35714285714285715,13,4,0.3076923076923077,14,9,0.6428571428571429,14,13,0.9285714285714286,14,8,0.5714285714285714,14,3,0.21428571428571427,14,0,0.0,13,4,0.3076923076923077,14,9,0.6428571428571429,14,12,0.8571428571428571
1509485,3,3,1.0,3,0,0.0,3,0,0.0,3,2,0.6666666666666666,3,3,1.0,3,1,0.3333333333333333,3,2,0.6666666666666666,3,0,0.0,3,0,0.0,3,1,0.3333333333333333,3,3,1.0
1514192,0,0,,0,0,,0,0,,0,0,,0,0,,0,0,,0,0,,0,0,,0,0,,0,0,,0,0,
1515609,19,8,0.42105263157894735,19,1,0.05263157894736842,16,2,0.125,19,17,0.8947368421052632,19,15,0.7894736842105263,19,8,0.42105263157894735,19,9,0.47368421052631576,19,6,0.3157894736842105,18,8,0.4444444444444444,19,14,0.7368421052631579,19,16,0.8421052631578947
1515616,17,7,0.4117647058823529,17,4,0.23529411764705882,15,1,0.06666666666666667,17,14,0.8235294117647058,17,11,0.6470588235294118,17,5,0.29411764705882354,17,14,0.8235294117647058,17,9,0.5294117647058824,11,7,0.6363636363636364,17,13,0.7647058823529411,17,16,0.9411764705882353
1515618,8,4,0.5,9,1,0.1111111111111111,7,0,0.0,9,7,0.7777777777777778,9,5,0.5555555555555556,9,2,0.2222222222222222,9,5,0.5555555555555556,9,4,0.4444444444444444,6,4,0.6666666666666666,9,4,0.4444444444444444,9,9,1.0
1516669,0,0,,0,0,,0,0,,0,0,,0,0,,0,0,,0,0,,0,0,,0,0,,0,0,,0,0,
1517196,5,0,0.0,5,3,0.6,5,3,0.6,6,1,0.16666666666666666,6,6,1.0,6,4,0.6666666666666666,6,0,0.0,6,0,0.0,6,0,0.0,6,6,1.0,6,5,0.8333333333333334
1517293,40,7,0.175,42,10,0.23809523809523808,40,5,0.125,42,18,0.42857142857142855,42,40,0.9523809523809523,42,27,0.6428571428571429,42,5,0.11904761904761904,42,1,0.023809523809523808,41,3,0.07317073170731707,42,23,0.5476190476190477,42,37,0.8809523809523809
1518083,5,1,0.2,5,0,0.0,5,1,0.2,5,3,0.6,5,5,1.0,5,3,0.6,5,1,0.2,5,0,0.0,5,0,0.0,5,5,1.0,5,4,0.8
1519071,4,2,0.5,3,1,0.3333333333333333,3,0,0.0,4,3,0.75,4,4,1.0,4,2,0.5,4,0,0.0,4,0,0.0,4,2,0.5,4,2,0.5,4,2,0.5
1520538,0,0,,0,0,,0,0,,0,0,,0,0,,0,0,,0,0,,0,0,,0,0,,0,0,,0,0,
1522008,12,4,0.3333333333333333,12,4,0.3333333333333333,12,1,0.08333333333333333,12,7,0.5833333333333334,12,9,0.75,12,7,0.5833333333333334,12,1,0.08333333333333333,12,0,0.0,12,0,0.0,12,8,0.6666666666666666,12,11,0.9166666666666666
1525884,7,3,0.42857142857142855,7,1,0.14285714285714285,5,0,0.0,7,7,1.0,7,6,0.8571428571428571,7,2,0.2857142857142857,7,2,0.2857142857142857,7,1,0.14285714285714285,6,0,0.0,7,5,0.7142857142857143,7,5,0.7142857142857143
1525963,0,0,,0,0,,0,0,,0,0,,0,0,,0,0,,0,0,,0,0,,0,0,,0,0,,0,0,
1527381,8,4,0.5,8,0,0.0,6,1,0.16666666666666666,8,6,0.75,8,7,0.875,8,5,0.625,8,1,0.125,8,1,0.125,8,0,0.0,8,6,0.75,8,8,1.0
1536334,110,38,0.34545454545454546,110,14,0.12727272727272726,103,5,0.04854368932038835,115,69,0.6,115,107,0.9304347826086956,115,61,0.5304347826086957,115,17,0.14782608695652175,115,3,0.02608695652173913,113,3,0.02654867256637168,115,50,0.43478260869565216,115,98,0.8521739130434782
1541484,11,2,0.18181818181818182,12,6,0.5,11,1,0.09090909090909091,12,5,0.4166666666666667,12,12,1.0,12,9,0.75,12,2,0.16666666666666666,12,0,0.0,12,0,0.0,12,7,0.5833333333333334,12,10,0.8333333333333334
1543037,1,0,0.0,1,0,0.0,1,0,0.0,1,0,0.0,1,1,1.0,1,1,1.0,1,0,0.0,1,0,0.0,1,0,0.0,1,1,1.0,1,1,1.0
1546260,2,0,0.0,2,0,0.0,2,0,0.0,2,0,0.0,2,2,1.0,2,1,0.5,2,0,0.0,2,0,0.0,2,0,0.0,2,1,0.5,2,1,0.5
1546969,2,1,0.5,2,1,0.5,2,1,0.5,2,1,0.5,2,2,1.0,2,1,0.5,2,1,0.5,2,0,0.0,2,0,0.0,2,1,0.5,2,2,1.0
1547032,0,0,,0,0,,0,0,,0,0,,0,0,,0,0,,0,0,,0,0,,0,0,,0,0,,0,0,
1547054,0,0,,0,0,,0,0,,0,0,,0,0,,0,0,,0,0,,0,0,,0,0,,0,0,,0,0,
1550087,265,78,0.2943396226415094,275,42,0.15272727272727274,259,16,0.06177606177606178,281,176,0.6263345195729537,281,252,0.896797153024911,281,154,0.5480427046263345,281,25,0.08896797153024912,281,7,0.02491103202846975,275,22,0.08,281,146,0.5195729537366548,281,241,0.8576512455516014
1550199,2,1,0.5,3,0,0.0,3,0,0.0,3,2,0.6666666666666666,3,3,1.0,3,0,0.0,3,0,0.0,3,0,0.0,3,0,0.0,3,1,0.3333333333333333,3,2,0.6666666666666666
1550498,5,3,0.6,5,1,0.2,5,0,0.0,5,1,0.2,5,5,1.0,5,3,0.6,5,2,0.4,5,0,0.0,4,1,0.25,5,3,0.6,5,4,0.8
1550509,5,2,0.4,4,2,0.5,4,1,0.25,5,4,0.8,5,4,0.8,5,2,0.4,5,3,0.6,5,4,0.8,2,2,1.0,5,2,0.4,5,4,0.8
1551083,2,2,1.0,2,0,0.0,2,0,0.0,2,2,1.0,2,2,1.0,2,2,1.0,2,0,0.0,2,0,0.0,2,0,0.0,2,2,1.0,2,2,1.0
1555830,24,6,0.25,25,9,0.36,21,3,0.14285714285714285,26,10,0.38461538461538464,26,22,0.8461538461538461,26,19,0.7307692307692307,26,1,0.038461538461538464,26,1,0.038461538461538464,26,2,0.07692307692307693,26,20,0.7692307692307693,26,24,0.9230769230769231
1562928,8,2,0.25,8,4,0.5,7,0,0.0,8,8,1.0,8,4,0.5,8,0,0.0,8,4,0.5,8,0,0.0,7,7,1.0,8,4,0.5,8,8,1.0
1571245,5,1,0.2,6,2,0.3333333333333333,6,3,0.5,6,2,0.3333333333333333,6,6,1.0,6,5,0.8333333333333334,6,1,0.16666666666666666,6,0,0.0,6,0,0.0,6,3,0.5,6,4,0.6666666666666666
1572855,0,0,,0,0,,0,0,,0,0,,0,0,,0,0,,0,0,,0,0,,0,0,,0,0,,0,0,
1575689,11,2,0.18181818181818182,13,3,0.23076923076923078,9,0,0.0,13,10,0.7692307692307693,13,13,1.0,13,7,0.5384615384615384,13,4,0.3076923076923077,13,0,0.0,13,2,0.15384615384615385,13,11,0.8461538461538461,13,13,1.0
1576008,8,2,0.25,8,2,0.25,8,0,0.0,8,4,0.5,8,7,0.875,8,6,0.75,8,0,0.0,8,0,0.0,8,1,0.125,8,5,0.625,8,8,1.0
1576347,0,0,,0,0,,0,0,,0,0,,0,0,,0,0,,0,0,,0,0,,0,0,,0,0,,0,0,
1576448,3,1,0.3333333333333333,3,1,0.3333333333333333,3,0,0.0,3,2,0.6666666666666666,3,2,0.6666666666666666,3,2,0.6666666666666666,3,0,0.0,3,0,0.0,3,0,0.0,3,2,0.6666666666666666,3,3,1.0
1576702,0,0,,0,0,,0,0,,0,0,,0,0,,0,0,,0,0,,0,0,,0,0,,0,0,,0,0,
1577419,5,1,0.2,5,1,0.2,5,1,0.2,5,2,0.4,5,2,0.4,5,0,0.0,5,1,0.2,5,0,0.0,5,1,0.2,5,2,0.4,5,4,0.8
1584375,0,0,,0,0,,0,0,,0,0,,0,0,,0,0,,0,0,,0,0,,0,0,,0,0,,0,0,
1591417,2,2,1.0,2,0,0.0,2,0,0.0,2,2,1.0,2,2,1.0,2,0,0.0,2,0,0.0,2,0,0.0,2,0,0.0,2,1,0.5,2,1,0.5
1591581,1,0,0.0,1,0,0.0,1,0,0.0,1,0,0.0,1,1,1.0,1,0,0.0,1,0,0.0,1,0,0.0,1,1,1.0,1,1,1.0,1,1,1.0
1595470,0,0,,0,0,,0,0,,0,0,,0,0,,0,0,,0,0,,0,0,,0,0,,0,0,,0,0,
1595646,16,7,0.4375,16,3,0.1875,11,0,0.0,16,10,0.625,16,14,0.875,16,8,0.5,16,6,0.375,16,11,0.6875,14,4,0.2857142857142857,16,9,0.5625,16,12,0.75
1595781,2,0,0.0,3,1,0.3333333333333333,2,0,0.0,3,2,0.6666666666666666,3,3,1.0,3,0,0.0,3,2,0.6666666666666666,3,3,1.0,2,2,1.0,3,0,0.0,3,3,1.0
1596704,3,1,0.3333333333333333,3,0,0.0,3,0,0.0,3,1,0.3333333333333333,3,3,1.0,3,3,1.0,3,0,0.0,3,0,0.0,3,0,0.0,3,2,0.6666666666666666,3,2,0.6666666666666666
1597098,0,0,,0,0,,0,0,,0,0,,0,0,,0,0,,0,0,,0,0,,0,0,,0,0,,0,0,
1598572,5,2,0.4,4,0,0.0,4,0,0.0,5,3,0.6,5,5,1.0,5,5,1.0,5,3,0.6,5,2,0.4,4,0,0.0,5,3,0.6,5,4,0.8
1598970,2,2,1.0,2,0,0.0,2,0,0.0,2,1,0.5,2,2,1.0,2,1,0.5,2,1,0.5,2,1,0.5,0,0,,2,2,1.0,2,2,1.0
1599021,27,9,0.3333333333333333,28,8,0.2857142857142857,24,1,0.041666666666666664,29,23,0.7931034482758621,29,17,0.5862068965517241,29,12,0.41379310344827586,29,10,0.3448275862068966,29,10,0.3448275862068966,23,16,0.6956521739130435,29,13,0.4482758620689655,29,25,0.8620689655172413
1599390,0,0,,0,0,,0,0,,0,0,,0,0,,0,0,,0,0,,0,0,,0,0,,0,0,,0,0,
1611291,35,12,0.34285714285714286,35,5,0.14285714285714285,28,1,0.03571428571428571,36,33,0.9166666666666666,36,27,0.75,36,10,0.2777777777777778,36,13,0.3611111111111111,36,5,0.1388888888888889,36,0,0.0,36,15,0.4166666666666667,36,26,0.7222222222222222
1611292,9,4,0.4444444444444444,9,2,0.2222222222222222,9,0,0.0,10,8,0.8,10,8,0.8,10,6,0.6,10,2,0.2,10,2,0.2,10,0,0.0,10,5,0.5,10,5,0.5
1615079,5,1,0.2,5,0,0.0,5,0,0.0,5,3,0.6,5,4,0.8,5,2,0.4,5,0,0.0,5,0,0.0,5,1,0.2,5,3,0.6,5,3,0.6
1625069,28,15,0.5357142857142857,26,0,0.0,23,1,0.043478260869565216,28,27,0.9642857142857143,28,22,0.7857142857142857,28,10,0.35714285714285715,28,3,0.10714285714285714,28,6,0.21428571428571427,28,1,0.03571428571428571,28,16,0.5714285714285714,28,19,0.6785714285714286
1625081,12,4,0.3333333333333333,12,2,0.16666666666666666,12,2,0.16666666666666666,13,13,1.0,13,12,0.9230769230769231,13,9,0.6923076923076923,13,1,0.07692307692307693,13,1,0.07692307692307693,13,1,0.07692307692307693,13,7,0.5384615384615384,13,11,0.8461538461538461
1625089,19,2,0.10526315789473684,19,7,0.3684210526315789,19,4,0.21052631578947367,19,13,0.6842105263157895,19,16,0.8421052631578947,19,10,0.5263157894736842,19,2,0.10526315789473684,19,3,0.15789473684210525,19,0,0.0,19,8,0.42105263157894735,19,14,0.7368421052631579
1625094,12,4,0.3333333333333333,14,0,0.0,13,0,0.0,14,13,0.9285714285714286,14,12,0.8571428571428571,14,6,0.42857142857142855,14,0,0.0,14,0,0.0,14,0,0.0,14,12,0.8571428571428571,14,10,0.7142857142857143
1634832,4,2,0.5,4,1,0.25,4,1,0.25,4,4,1.0,4,2,0.5,4,1,0.25,4,0,0.0,4,0,0.0,4,0,0.0,4,1,0.25,4,4,1.0
1634842,3,0,0.0,3,1,0.3333333333333333,2,1,0.5,3,1,0.3333333333333333,3,2,0.6666666666666666,3,1,0.3333333333333333,3,1,0.3333333333333333,3,0,0.0,3,0,0.0,3,3,1.0,3,2,0.6666666666666666
1634877,0,0,,0,0,,0,0,,0,0,,0,0,,0,0,,0,0,,0,0,,0,0,,0,0,,0,0,
1634891,5,2,0.4,5,1,0.2,5,0,0.0,5,3,0.6,5,5,1.0,5,4,0.8,5,0,0.0,5,0,0.0,5,0,0.0,5,3,0.6,5,5,1.0
1668061,4,3,0.75,4,0,0.0,4,0,0.0,4,4,1.0,4,1,0.25,4,1,0.25,4,0,0.0,4,3,0.75,3,1,0.3333333333333333,4,2,0.5,4,2,0.5
1676716,15,6,0.4,15,1,0.06666666666666667,12,0,0.0,15,14,0.9333333333333333,15,14,0.9333333333333333,15,10,0.6666666666666666,15,3,0.2,15,2,0.13333333333333333,15,10,0.6666666666666666,15,4,0.26666666666666666,15,9,0.6
5000138,9,5,0.5555555555555556,9,0,0.0,8,0,0.0,9,9,1.0,9,7,0.7777777777777778,9,1,0.1111111111111111,9,6,0.6666666666666666,9,4,0.4444444444444444,8,8,1.0,9,3,0.3333333333333333,9,9,1.0
5000487,10,3,0.3,11,2,0.18181818181818182,9,1,0.1111111111111111,12,11,0.9166666666666666,12,5,0.4166666666666667,12,2,0.16666666666666666,12,4,0.3333333333333333,12,9,0.75,11,9,0.8181818181818182,12,7,0.5833333333333334,12,10,0.8333333333333334
5000493,10,3,0.3,10,1,0.1,9,2,0.2222222222222222,10,7,0.7,10,5,0.5,10,0,0.0,10,4,0.4,10,6,0.6,6,6,1.0,10,7,0.7,10,9,0.9
5000912,4,2,0.5,4,0,0.0,4,0,0.0,4,4,1.0,4,3,0.75,4,1,0.25,4,0,0.0,4,2,0.5,2,2,1.0,4,4,1.0,4,2,0.5
5001337,27,7,0.25925925925925924,30,5,0.16666666666666666,28,2,0.07142857142857142,30,27,0.9,30,10,0.3333333333333333,30,3,0.1,30,17,0.5666666666666667,30,20,0.6666666666666666,28,25,0.8928571428571429,30,19,0.6333333333333333,30,25,0.8333333333333334
